{
  "train_loss": [
    1.6604897486368815,
    1.2680862054824829,
    1.1053144733111064,
    0.9803769547144572,
    0.8559308881759644,
    0.7423671428362528,
    0.6249106702804565,
    0.5122251779635747,
    0.40004651618003845,
    0.2892486411134402,
    0.21179891184965768,
    0.0763451709250609,
    0.03408177383616567,
    0.01804428524399797,
    0.010057888105511665,
    0.00730064243885378,
    0.005752420677493016,
    0.004446442747799059,
    0.003945544158108533,
    0.0036910678294176857,
    0.00311453362647444,
    0.0027912085289135574,
    0.0025880997901161513,
    0.0023872683284183343,
    0.002226500771163652,
    0.002110837027275314,
    0.002008956551707039,
    0.0019285712541701893,
    0.001974156583659351,
    0.001772285274385164,
    0.0017116154123408098,
    0.001709071485636135,
    0.0016473530954681337,
    0.001625050128592799,
    0.001581504861979435,
    0.0015834235856309533,
    0.0016089359965796271,
    0.0015500222323462367,
    0.0015151245306866865,
    0.001488028554090609,
    0.001549262494314462,
    0.0015028660595417024,
    0.0014889419640724858,
    0.0014808297995477914,
    0.001534317488549277,
    0.001489227527131637,
    0.0015057189439733824,
    0.0014887470399650435,
    0.001457173301683118,
    0.0015295736007392407
  ],
  "train_accuracy": [
    0.41841666666666666,
    0.55875,
    0.6178333333333333,
    0.6625833333333333,
    0.7055416666666666,
    0.7422083333333334,
    0.7872083333333333,
    0.8223333333333334,
    0.8646666666666667,
    0.9035,
    0.931375,
    0.9811666666666666,
    0.996125,
    0.999,
    0.9999166666666667,
    1.0,
    1.0,
    1.0,
    1.0,
    0.9999583333333333,
    1.0,
    1.0,
    1.0,
    1.0,
    1.0,
    1.0,
    0.9999583333333333,
    1.0,
    0.9999583333333333,
    1.0,
    1.0,
    1.0,
    1.0,
    1.0,
    1.0,
    1.0,
    1.0,
    1.0,
    1.0,
    1.0,
    1.0,
    1.0,
    1.0,
    1.0,
    1.0,
    1.0,
    1.0,
    1.0,
    1.0,
    1.0
  ],
  "val_loss": [
    1.4334193264643351,
    1.2518659210205079,
    1.1996298756599426,
    1.135303595860799,
    1.0563238116105398,
    1.0574955322742463,
    1.1668280204137167,
    1.048842702706655,
    1.067147186279297,
    1.154658883412679,
    1.2966133047739665,
    1.1282988758087158,
    1.167368481794993,
    1.2013969962596893,
    1.2109788818359375,
    1.2403898196220398,
    1.2798626488049825,
    1.2924574128786723,
    1.2923688869476317,
    1.3168733687400818,
    1.319547389348348,
    1.3282696851094564,
    1.3352554971377055,
    1.3512553343772888,
    1.354669351418813,
    1.3582857529322305,
    1.358786618232727,
    1.3613438569704692,
    1.3759413849512736,
    1.372892059326172,
    1.3759541204770407,
    1.382588534673055,
    1.377117096265157,
    1.3850958120028178,
    1.3824821979204813,
    1.3899043911298117,
    1.4001970874468486,
    1.3901893932024638,
    1.3938200654983521,
    1.392584600130717,
    1.3854879191716511,
    1.4009556794166564,
    1.3821382660865784,
    1.3898786969184875,
    1.3954535981814067,
    1.3957215285301208,
    1.386585961182912,
    1.3963385388056437,
    1.3976239711443583,
    1.393032726764679
  ],
  "val_accuracy": [
    0.5061666666666667,
    0.564,
    0.582,
    0.615,
    0.6441666666666667,
    0.6498333333333334,
    0.6295,
    0.6683333333333333,
    0.673,
    0.6683333333333333,
    0.667,
    0.7105,
    0.7148333333333333,
    0.7216666666666667,
    0.7265,
    0.724,
    0.7238333333333333,
    0.7238333333333333,
    0.7236666666666667,
    0.7245,
    0.725,
    0.724,
    0.7258333333333333,
    0.7263333333333334,
    0.7255,
    0.7241666666666666,
    0.724,
    0.7246666666666667,
    0.7268333333333333,
    0.7268333333333333,
    0.7255,
    0.7258333333333333,
    0.7255,
    0.7258333333333333,
    0.7265,
    0.7255,
    0.725,
    0.7258333333333333,
    0.7261666666666666,
    0.7273333333333334,
    0.726,
    0.7238333333333333,
    0.7261666666666666,
    0.725,
    0.7248333333333333,
    0.726,
    0.7266666666666667,
    0.7256666666666667,
    0.7253333333333334,
    0.7265
  ],
  "lr": [
    0.001,
    0.001,
    0.001,
    0.001,
    0.001,
    0.001,
    0.001,
    0.001,
    0.001,
    0.001,
    0.0005,
    0.0005,
    0.0005,
    0.00025,
    0.00025,
    0.00025,
    0.000125,
    0.000125,
    0.000125,
    6.25e-05,
    6.25e-05,
    6.25e-05,
    3.125e-05,
    3.125e-05,
    3.125e-05,
    1.5625e-05,
    1.5625e-05,
    1.5625e-05,
    7.8125e-06,
    7.8125e-06,
    7.8125e-06,
    3.90625e-06,
    3.90625e-06,
    3.90625e-06,
    1.953125e-06,
    1.953125e-06,
    1.953125e-06,
    9.765625e-07,
    9.765625e-07,
    9.765625e-07,
    4.8828125e-07,
    4.8828125e-07,
    4.8828125e-07,
    2.44140625e-07,
    2.44140625e-07,
    2.44140625e-07,
    1.220703125e-07,
    1.220703125e-07,
    1.220703125e-07,
    6.103515625e-08
  ]
}