{
  "train_loss": [
    1.8257044537862142,
    1.4839134419759115,
    1.35954647954305,
    1.2499888750712076,
    1.1669824035962422,
    1.1141540228525797,
    1.0435788636207581,
    0.9949939716657002,
    0.9491932128270467,
    0.8999727444648743,
    0.8565621593793233,
    0.8308214391072591,
    0.7964140855471293,
    0.7667044412295023,
    0.6696844340165456,
    0.6246200533707936,
    0.6140844793319702,
    0.5868322633107503,
    0.5707357052167257,
    0.5096340778668722,
    0.48820800364017486,
    0.4783520145813624,
    0.46496509603659314,
    0.4603862729072571,
    0.4481692811648051,
    0.4411674339771271,
    0.42715324079990385,
    0.41634954762458803,
    0.38249147856235505,
    0.3750035909016927,
    0.3718874742190043,
    0.36274721372127533,
    0.3610960576534271,
    0.35278759638468427,
    0.33643816324075065,
    0.33732904589176177,
    0.3344866187175115,
    0.32229357328017555,
    0.32364430874586103,
    0.3085895767013232,
    0.3200622405211131,
    0.31262003747622175,
    0.3061769414345423,
    0.3104426258603732,
    0.31114185478289924,
    0.3100163469314575,
    0.30476911932229994,
    0.29972836218277615,
    0.30719599227110544,
    0.30657908833026887
  ],
  "train_accuracy": [
    0.3526666666666667,
    0.48283333333333334,
    0.5249583333333333,
    0.5665416666666667,
    0.595625,
    0.6160833333333333,
    0.6430833333333333,
    0.6576666666666666,
    0.6739166666666667,
    0.689,
    0.7084583333333333,
    0.7167083333333333,
    0.7282916666666667,
    0.7380833333333333,
    0.772875,
    0.7919583333333333,
    0.793,
    0.8023333333333333,
    0.8084166666666667,
    0.8282916666666666,
    0.8387083333333333,
    0.840625,
    0.8422083333333333,
    0.846375,
    0.8507083333333333,
    0.8535416666666666,
    0.8558333333333333,
    0.8628333333333333,
    0.8725416666666667,
    0.87575,
    0.8775416666666667,
    0.8815833333333334,
    0.8806666666666667,
    0.883375,
    0.8895833333333333,
    0.88925,
    0.891625,
    0.893875,
    0.89425,
    0.89925,
    0.8962916666666667,
    0.8978333333333334,
    0.9005416666666667,
    0.8988333333333334,
    0.8985416666666667,
    0.9004166666666666,
    0.9023333333333333,
    0.9036666666666666,
    0.9012916666666667,
    0.9021666666666667
  ],
  "val_loss": [
    1.530329529762268,
    1.4267999850908915,
    1.2281236004829408,
    1.2335701530774434,
    1.115775954246521,
    1.004188814719518,
    0.969158186117808,
    1.0449004428386688,
    0.9589119380315145,
    0.9194613890647888,
    0.8633451553980509,
    0.9741708478927612,
    0.9505441512266795,
    0.8782407574653626,
    0.706684828599294,
    0.6995849788188935,
    0.7240023347536723,
    0.7141168119112651,
    0.7052391413847605,
    0.6816447941462199,
    0.6541124633550643,
    0.6680827669302623,
    0.6525927415688833,
    0.6626893343925476,
    0.6448893029292424,
    0.6450443019469579,
    0.6649005341529847,
    0.663860402584076,
    0.6364910735289255,
    0.6312306954065958,
    0.6286206062237422,
    0.6460634100437165,
    0.643449180841446,
    0.636479982972145,
    0.6313710794448852,
    0.6342119384209315,
    0.634202201584975,
    0.627169821937879,
    0.6252584340174993,
    0.6256870002349217,
    0.6297272201180458,
    0.6286249134143194,
    0.6247249435186386,
    0.6270702103773753,
    0.6278069540262222,
    0.6249985699653625,
    0.6262572773893674,
    0.6248358560800552,
    0.6262064453959465,
    0.6259400507013003
  ],
  "val_accuracy": [
    0.46216666666666667,
    0.5001666666666666,
    0.5775,
    0.5728333333333333,
    0.6143333333333333,
    0.6543333333333333,
    0.6725,
    0.6425,
    0.6755,
    0.6845,
    0.7048333333333333,
    0.6693333333333333,
    0.6886666666666666,
    0.7056666666666667,
    0.7606666666666667,
    0.7673333333333333,
    0.7561666666666667,
    0.7636666666666667,
    0.773,
    0.7783333333333333,
    0.783,
    0.7815,
    0.786,
    0.7846666666666666,
    0.7913333333333333,
    0.7916666666666666,
    0.787,
    0.7903333333333333,
    0.795,
    0.7966666666666666,
    0.7981666666666667,
    0.7953333333333333,
    0.798,
    0.8005,
    0.7996666666666666,
    0.7983333333333333,
    0.8008333333333333,
    0.8016666666666666,
    0.8038333333333333,
    0.801,
    0.8008333333333333,
    0.8018333333333333,
    0.801,
    0.8028333333333333,
    0.8046666666666666,
    0.8025,
    0.8023333333333333,
    0.8046666666666666,
    0.8026666666666666,
    0.8025
  ],
  "lr": [
    0.001,
    0.001,
    0.001,
    0.001,
    0.001,
    0.001,
    0.001,
    0.001,
    0.001,
    0.001,
    0.001,
    0.001,
    0.001,
    0.0005,
    0.0005,
    0.0005,
    0.0005,
    0.0005,
    0.00025,
    0.00025,
    0.00025,
    0.00025,
    0.00025,
    0.00025,
    0.00025,
    0.00025,
    0.00025,
    0.000125,
    0.000125,
    0.000125,
    0.000125,
    0.000125,
    0.000125,
    6.25e-05,
    6.25e-05,
    6.25e-05,
    3.125e-05,
    3.125e-05,
    3.125e-05,
    3.125e-05,
    3.125e-05,
    1.5625e-05,
    1.5625e-05,
    1.5625e-05,
    1.5625e-05,
    7.8125e-06,
    7.8125e-06,
    7.8125e-06,
    3.90625e-06,
    3.90625e-06
  ]
}