{
  "best_epoch": 48,
  "best_val_accuracy": 0.8046666666666666,
  "best_val_loss": 0.6248358560800552
}