{
  "train_loss": [
    2.3124615643819175,
    2.3027930736541746,
    2.3027536748250323,
    2.3027500228881834,
    2.3026793626149495,
    2.302670617421468,
    2.3026680132548014,
    2.3026290334065753,
    2.302633647282918,
    2.302634338378906,
    2.3026069348653158,
    2.3026046803792317,
    2.302607063293457,
    2.302595904032389,
    2.302595984141032,
    2.302597463607788,
    2.3025913054148357,
    2.3025906518300374,
    2.3025896434783935,
    2.302587952931722,
    2.3025879624684653,
    2.302587729771932,
    2.3025866095225016,
    2.302586543401082,
    2.302586616516113,
    2.3025858561197916,
    2.3025860137939453,
    2.302585971832275,
    2.302585505803426,
    2.3025855515797935,
    2.302585563023885,
    2.3025854148864746,
    2.30258536529541,
    2.302585412343343,
    2.3025853176116944,
    2.3025853220621744,
    2.3025852890014646,
    2.302585247675578,
    2.302585262934367,
    2.3025852654774983,
    2.3025852432250975,
    2.3025852489471434,
    2.3025852438608805,
    2.30258522605896,
    2.3025852438608805,
    2.302585220972697,
    2.3025852095286052,
    2.302585201899211,
    2.3025852553049724,
    2.3025852667490643
  ],
  "train_accuracy": [
    0.10145833333333333,
    0.09845833333333333,
    0.09820833333333333,
    0.096875,
    0.09704166666666666,
    0.09779166666666667,
    0.09508333333333334,
    0.09558333333333334,
    0.09629166666666666,
    0.095,
    0.09808333333333333,
    0.09820833333333333,
    0.09604166666666666,
    0.1,
    0.09625,
    0.0955,
    0.097375,
    0.09941666666666667,
    0.09645833333333333,
    0.1,
    0.1,
    0.09883333333333333,
    0.1,
    0.1,
    0.1,
    0.1,
    0.1,
    0.1,
    0.1,
    0.1,
    0.1,
    0.1,
    0.1,
    0.1,
    0.1,
    0.1,
    0.1,
    0.1,
    0.1,
    0.1,
    0.1,
    0.1,
    0.1,
    0.1,
    0.1,
    0.1,
    0.1,
    0.1,
    0.1,
    0.1
  ],
  "val_loss": [
    2.3026932951609296,
    2.3026041755676268,
    2.3026019083658853,
    2.3025980981191,
    2.302590634028117,
    2.3025874404907225,
    2.3025874373118085,
    2.3025866775512696,
    2.3025855566660565,
    2.302585597991943,
    2.3025852667490643,
    2.302585267384847,
    2.302585225423177,
    2.30258531888326,
    2.3025853163401284,
    2.3025853335062663,
    2.3025852699279783,
    2.3025853691101075,
    2.3025850747426353,
    2.302585081100464,
    2.302585339228312,
    2.302585055669149,
    2.3025852667490643,
    2.3025853913625083,
    2.302585174560547,
    2.3025851968129474,
    2.302585315068563,
    2.3025853176116944,
    2.3025851484934488,
    2.302585292180379,
    2.302585292816162,
    2.3025851484934488,
    2.3025851256052654,
    2.3025851504007977,
    2.302585173288981,
    2.3025851294199624,
    2.302585360209147,
    2.302585128148397,
    2.3025851548512777,
    2.302585178375244,
    2.3025852432250975,
    2.3025850989023846,
    2.302585264205933,
    2.3025852915445966,
    2.302585241317749,
    2.302585405985514,
    2.302585292180379,
    2.302585405985514,
    2.302585172653198,
    2.3025851497650147
  ],
  "val_accuracy": [
    0.1,
    0.1,
    0.1,
    0.1,
    0.1,
    0.1,
    0.1,
    0.1,
    0.1,
    0.1,
    0.1,
    0.1,
    0.1,
    0.1,
    0.1,
    0.1,
    0.1,
    0.1,
    0.1,
    0.1,
    0.1,
    0.1,
    0.1,
    0.1,
    0.1,
    0.1,
    0.1,
    0.1,
    0.1,
    0.1,
    0.1,
    0.1,
    0.1,
    0.1,
    0.1,
    0.1,
    0.1,
    0.1,
    0.1,
    0.1,
    0.1,
    0.1,
    0.1,
    0.1,
    0.1,
    0.1,
    0.1,
    0.1,
    0.1,
    0.1
  ],
  "lr": [
    0.001,
    0.001,
    0.001,
    0.0005,
    0.0005,
    0.0005,
    0.00025,
    0.00025,
    0.00025,
    0.000125,
    0.000125,
    0.000125,
    6.25e-05,
    6.25e-05,
    6.25e-05,
    3.125e-05,
    3.125e-05,
    3.125e-05,
    1.5625e-05,
    1.5625e-05,
    1.5625e-05,
    7.8125e-06,
    7.8125e-06,
    7.8125e-06,
    3.90625e-06,
    3.90625e-06,
    3.90625e-06,
    1.953125e-06,
    1.953125e-06,
    1.953125e-06,
    9.765625e-07,
    9.765625e-07,
    9.765625e-07,
    4.8828125e-07,
    4.8828125e-07,
    4.8828125e-07,
    2.44140625e-07,
    2.44140625e-07,
    2.44140625e-07,
    1.220703125e-07,
    1.220703125e-07,
    1.220703125e-07,
    6.103515625e-08,
    6.103515625e-08,
    6.103515625e-08,
    3.0517578125e-08,
    3.0517578125e-08,
    3.0517578125e-08,
    1.52587890625e-08,
    1.52587890625e-08
  ]
}