{
  "train_loss": [
    1.7487623068491618,
    1.3499359815915426,
    1.1951388737360635,
    1.0840418125788371,
    0.9779450289408366,
    0.8896887183189393,
    0.8003302253087362,
    0.7154984929561615,
    0.5185167299906412,
    0.44323463400204977,
    0.38713561979929606,
    0.32281369479497274,
    0.22038445766766865,
    0.18142206970850627,
    0.15689275509119033,
    0.11723038796583811,
    0.10228731286525726,
    0.09259040103356043,
    0.07604089385767777,
    0.07023754085103671,
    0.06604186695317427,
    0.05958060612777869,
    0.056639454359809556,
    0.05504121073583762,
    0.05118953263262908,
    0.04967528016865253,
    0.04822123983502388,
    0.04663915654520194,
    0.04702545198301474,
    0.04570299967130025,
    0.04478139586249987,
    0.044007858897248904,
    0.04416851347188155,
    0.04348281742632389,
    0.04307499978939692,
    0.043144479538003606,
    0.043535034274061524,
    0.04222928887605667,
    0.04253362654646238,
    0.04220601739982764,
    0.04270592285692692,
    0.04256898987789949,
    0.042058236608902615,
    0.04271784799794356,
    0.04245788572231929,
    0.04209389099478721,
    0.042837669317921004,
    0.04255778663357099,
    0.04256320571899414,
    0.04294963316122691
  ],
  "train_accuracy": [
    0.39770833333333333,
    0.53075,
    0.5835833333333333,
    0.627125,
    0.6619583333333333,
    0.6920416666666667,
    0.7249166666666667,
    0.7545416666666667,
    0.8275,
    0.855,
    0.8754166666666666,
    0.896875,
    0.9405833333333333,
    0.954625,
    0.9635833333333333,
    0.9787083333333333,
    0.9834166666666667,
    0.9867083333333333,
    0.99125,
    0.9925416666666667,
    0.9942916666666667,
    0.995,
    0.9959583333333333,
    0.9957916666666666,
    0.9967083333333333,
    0.99725,
    0.99775,
    0.99775,
    0.9972916666666667,
    0.998,
    0.997875,
    0.9982083333333334,
    0.9975833333333334,
    0.9979583333333333,
    0.998,
    0.9979166666666667,
    0.9980416666666667,
    0.9979583333333333,
    0.99825,
    0.9982916666666667,
    0.998125,
    0.997625,
    0.998375,
    0.99825,
    0.9982083333333334,
    0.99825,
    0.9982916666666667,
    0.9980833333333333,
    0.9980416666666667,
    0.998125
  ],
  "val_loss": [
    1.4646655325889588,
    1.3309007751146953,
    1.428323761145274,
    1.203968417008718,
    1.1333657987912495,
    1.1565086277325949,
    1.3407920109430949,
    1.2269394755363465,
    1.0346215866406758,
    1.0992711760203044,
    1.1353472854296367,
    1.190587483882904,
    1.165138998190562,
    1.2092258750597635,
    1.2379804493586222,
    1.24086328013738,
    1.2758782329559326,
    1.3122558875083923,
    1.3031229718526205,
    1.3252818284034729,
    1.3376740164756775,
    1.3445343529383342,
    1.3492718119621276,
    1.36305269130071,
    1.3731628535588583,
    1.3658517090479534,
    1.3697443832556406,
    1.3795220101674397,
    1.3772088952064514,
    1.3844947222073873,
    1.3839426147143046,
    1.3891952797571818,
    1.3883246113459269,
    1.3914032446543376,
    1.3783229365348817,
    1.3907864576975504,
    1.4073754439353943,
    1.3913944072723388,
    1.3979481449921927,
    1.3957775030930837,
    1.3886928824583689,
    1.3910416129430134,
    1.3805618891716003,
    1.389855251789093,
    1.3946579891840616,
    1.3971969753106435,
    1.390118750254313,
    1.3894761877854664,
    1.3969358401298524,
    1.3949254434903462
  ],
  "val_accuracy": [
    0.4885,
    0.5335,
    0.5335,
    0.5956666666666667,
    0.6136666666666667,
    0.609,
    0.5806666666666667,
    0.6175,
    0.6665,
    0.653,
    0.656,
    0.6538333333333334,
    0.667,
    0.6686666666666666,
    0.6645,
    0.6748333333333333,
    0.6703333333333333,
    0.6696666666666666,
    0.6688333333333333,
    0.6708333333333333,
    0.672,
    0.6703333333333333,
    0.672,
    0.6721666666666667,
    0.6726666666666666,
    0.6726666666666666,
    0.6723333333333333,
    0.6753333333333333,
    0.6726666666666666,
    0.6723333333333333,
    0.6725,
    0.6751666666666667,
    0.6738333333333333,
    0.6738333333333333,
    0.6731666666666667,
    0.6718333333333333,
    0.672,
    0.6735,
    0.6738333333333333,
    0.6748333333333333,
    0.6726666666666666,
    0.6745,
    0.6751666666666667,
    0.6748333333333333,
    0.6745,
    0.6731666666666667,
    0.6715,
    0.6745,
    0.6711666666666667,
    0.6726666666666666
  ],
  "lr": [
    0.001,
    0.001,
    0.001,
    0.001,
    0.001,
    0.001,
    0.001,
    0.0005,
    0.0005,
    0.0005,
    0.0005,
    0.00025,
    0.00025,
    0.00025,
    0.000125,
    0.000125,
    0.000125,
    6.25e-05,
    6.25e-05,
    6.25e-05,
    3.125e-05,
    3.125e-05,
    3.125e-05,
    1.5625e-05,
    1.5625e-05,
    1.5625e-05,
    7.8125e-06,
    7.8125e-06,
    7.8125e-06,
    3.90625e-06,
    3.90625e-06,
    3.90625e-06,
    1.953125e-06,
    1.953125e-06,
    1.953125e-06,
    9.765625e-07,
    9.765625e-07,
    9.765625e-07,
    4.8828125e-07,
    4.8828125e-07,
    4.8828125e-07,
    2.44140625e-07,
    2.44140625e-07,
    2.44140625e-07,
    1.220703125e-07,
    1.220703125e-07,
    1.220703125e-07,
    6.103515625e-08,
    6.103515625e-08,
    6.103515625e-08
  ]
}