{
  "best_epoch": 28,
  "best_val_accuracy": 0.6753333333333333,
  "best_val_loss": 1.3795220101674397
}