{
  "train_loss": [
    2.15965052429835,
    1.8853202640215556,
    1.735600640296936,
    1.6215882018407186,
    1.5215741871992747,
    1.427771389166514,
    1.3489873100121816,
    1.2824147017002105,
    1.2313372739156088,
    1.1781676018238068,
    1.1233251394430797,
    1.0712862554391225,
    1.0291188378334046,
    0.9822444789012273,
    0.9498132517735164,
    0.9093052404721578,
    0.8625837711493174,
    0.8457227361599604,
    0.7968033528725306,
    0.7775639687379201,
    0.7510431437095006,
    0.7160302549600601,
    0.6924137167334556,
    0.6682009985844294,
    0.6384729868769645,
    0.6350013114611308,
    0.6078022084832192,
    0.5937696205377578,
    0.5799258498350779,
    0.5665670658151308,
    0.55044793176651,
    0.4639554104407628,
    0.44581008156140645,
    0.4335686947007974,
    0.4193151082197825,
    0.4191769668559233,
    0.40761582119266193,
    0.3946578768889109,
    0.3882325384716193,
    0.3467622202038765,
    0.33371039480964343,
    0.32304011781016984,
    0.31844965895016986,
    0.31014596041788656,
    0.30520595761636893,
    0.3066345648070176,
    0.2930480917592843,
    0.2748307243982951,
    0.2671075792858998,
    0.2651321742832661
  ],
  "train_accuracy": [
    0.19329166666666667,
    0.29425,
    0.36545833333333333,
    0.4156666666666667,
    0.45279166666666665,
    0.48975,
    0.522,
    0.5475,
    0.57125,
    0.5894166666666667,
    0.61325,
    0.6264583333333333,
    0.6470416666666666,
    0.659,
    0.6737083333333334,
    0.6859583333333333,
    0.70025,
    0.7129166666666666,
    0.7295416666666666,
    0.7355833333333334,
    0.7449583333333333,
    0.757125,
    0.7621666666666667,
    0.7740833333333333,
    0.7847083333333333,
    0.7831666666666667,
    0.795875,
    0.8018333333333333,
    0.803875,
    0.810375,
    0.8171666666666667,
    0.8442083333333333,
    0.8490416666666667,
    0.8574166666666667,
    0.8584583333333333,
    0.8607916666666666,
    0.860625,
    0.8659166666666667,
    0.86775,
    0.886875,
    0.8873333333333333,
    0.8912083333333334,
    0.8938333333333334,
    0.8977916666666667,
    0.89725,
    0.898125,
    0.903375,
    0.909375,
    0.91175,
    0.911875
  ],
  "val_loss": [
    1.968764545440674,
    1.7027314861019451,
    1.8576178868710995,
    1.4323164210096002,
    1.552910756111145,
    1.2264895239869753,
    1.1812914437229434,
    1.1500557484431193,
    1.0881517157647758,
    1.0024017374695589,
    1.0088835447851259,
    0.9244622614538918,
    0.9123869873260458,
    0.8139570048910876,
    0.838627757107839,
    0.7619509139737736,
    0.7616958696180954,
    0.7596646189574773,
    0.6791592254439796,
    0.7224426385309004,
    0.6415753281333795,
    0.6678593665540296,
    0.6426064701046562,
    0.5791013369866123,
    0.6362868584316844,
    0.6335361588537608,
    0.5185914179703396,
    0.4949718911503951,
    0.5344853680348266,
    0.5816269843887482,
    0.5529788176010576,
    0.4931633459331139,
    0.4617340463337191,
    0.4785872039088475,
    0.462744751761042,
    0.42628516590466947,
    0.46069631006754785,
    0.4517582603931998,
    0.45083920554723483,
    0.44102351161868203,
    0.4183209702258572,
    0.4231330079015261,
    0.4105038559542345,
    0.4090458195898653,
    0.42033175948504686,
    0.42635499809387184,
    0.43710433875850185,
    0.40241347229448715,
    0.39769966374708066,
    0.394959799107164
  ],
  "val_accuracy": [
    0.26216666666666666,
    0.3565,
    0.3406666666666667,
    0.4751666666666667,
    0.45666666666666667,
    0.5678333333333333,
    0.5795,
    0.5861666666666666,
    0.6171666666666666,
    0.6508333333333334,
    0.6471666666666667,
    0.6778333333333333,
    0.6861666666666667,
    0.714,
    0.7045,
    0.7413333333333333,
    0.736,
    0.7398333333333333,
    0.7706666666666667,
    0.7576666666666667,
    0.7891666666666667,
    0.7753333333333333,
    0.7885,
    0.8053333333333333,
    0.7828333333333334,
    0.791,
    0.8251666666666667,
    0.8345,
    0.8251666666666667,
    0.8165,
    0.8183333333333334,
    0.8445,
    0.8495,
    0.8423333333333334,
    0.8533333333333334,
    0.8631666666666666,
    0.8555,
    0.8535,
    0.8543333333333333,
    0.8571666666666666,
    0.864,
    0.8625,
    0.8683333333333333,
    0.8698333333333333,
    0.8655,
    0.865,
    0.8656666666666667,
    0.8706666666666667,
    0.8725,
    0.8738333333333334
  ],
  "lr": [
    0.001,
    0.001,
    0.001,
    0.001,
    0.001,
    0.001,
    0.001,
    0.001,
    0.001,
    0.001,
    0.001,
    0.001,
    0.001,
    0.001,
    0.001,
    0.001,
    0.001,
    0.001,
    0.001,
    0.001,
    0.001,
    0.001,
    0.001,
    0.001,
    0.001,
    0.001,
    0.001,
    0.001,
    0.001,
    0.001,
    0.0005,
    0.0005,
    0.0005,
    0.0005,
    0.0005,
    0.0005,
    0.0005,
    0.0005,
    0.00025,
    0.00025,
    0.00025,
    0.00025,
    0.00025,
    0.00025,
    0.00025,
    0.00025,
    0.000125,
    0.000125,
    0.000125,
    0.000125
  ]
}