{
  "train_loss": [
    1.812079606374105,
    1.4526322886149088,
    1.2585464873313903,
    1.0898800115585328,
    0.9140725048383077,
    0.7454472941557566,
    0.5633743568261464,
    0.31923762160539626,
    0.22205087027947107,
    0.154464184542497,
    0.08505775864919027,
    0.061270039662718774,
    0.047567962437868115,
    0.031680735866228736,
    0.026937600838641326,
    0.02303619170933962,
    0.018441129018863044,
    0.01696347950150569,
    0.015587036864211161,
    0.013653633228192727,
    0.012934680464367071,
    0.012289840475966533,
    0.011364583128442367,
    0.01100277658055226,
    0.010635494171331326,
    0.010151307905713718,
    0.009954902164638043,
    0.009756701603531837,
    0.009487155725558598,
    0.009384005210051933,
    0.009283603571355343,
    0.009141712912668784,
    0.009081225026398897,
    0.009029587578649322,
    0.00895528798053662,
    0.008925153102725744,
    0.008897922803958257,
    0.008859497856348753,
    0.008845057437196375,
    0.008831641420722007,
    0.008811633018155893,
    0.008804406020790339,
    0.008797853456189235,
    0.008787824702759585,
    0.0087838679458946,
    0.008780273498346407,
    0.008775339320302009,
    0.008773382211724917,
    0.008771836555252472,
    0.008769450126836697
  ],
  "train_accuracy": [
    0.362375,
    0.5005,
    0.5707916666666667,
    0.6285833333333334,
    0.6875416666666667,
    0.7455833333333334,
    0.8103333333333333,
    0.9067083333333333,
    0.94025,
    0.9634583333333333,
    0.9860416666666667,
    0.9928333333333333,
    0.9957083333333333,
    0.9982083333333334,
    0.9988333333333334,
    0.9991666666666666,
    0.9996666666666667,
    0.99975,
    0.9997916666666666,
    0.999875,
    0.9999583333333333,
    0.9999166666666667,
    0.9999583333333333,
    0.9999583333333333,
    0.9999583333333333,
    1.0,
    0.9999583333333333,
    0.9999583333333333,
    1.0,
    0.9999583333333333,
    1.0,
    1.0,
    1.0,
    1.0,
    1.0,
    1.0,
    1.0,
    1.0,
    1.0,
    1.0,
    1.0,
    1.0,
    1.0,
    1.0,
    1.0,
    1.0,
    1.0,
    1.0,
    1.0,
    1.0
  ],
  "val_loss": [
    1.5718336795171102,
    1.4681552686691284,
    1.424355811436971,
    1.396265030701955,
    1.4223494470914204,
    1.534044425010681,
    1.6715360374450683,
    1.894448145866394,
    2.0326550925572713,
    2.2475218311945597,
    2.422331281344096,
    2.562189230600993,
    2.7163748490015664,
    2.794304744720459,
    2.853797458012899,
    2.9374328168233235,
    2.9754132493336996,
    3.018286543528239,
    3.0632249196370442,
    3.0981635824839273,
    3.1123691730499266,
    3.1552538967132566,
    3.171004913965861,
    3.179113477706909,
    3.1978672695159913,
    3.2075088335673017,
    3.2174785912831623,
    3.227889780044556,
    3.232963218053182,
    3.2405479971567788,
    3.2459267756144206,
    3.2495741488138834,
    3.2528600152333578,
    3.255894732793172,
    3.2581677576700847,
    3.259462344487508,
    3.2609847634633384,
    3.26207488822937,
    3.2631266333262126,
    3.263942160288493,
    3.264492956161499,
    3.2648023770650227,
    3.26519348971049,
    3.2654037125905355,
    3.2656901467641193,
    3.2658862698872886,
    3.2659847202301027,
    3.2661304092407226,
    3.266241994857788,
    3.2662725207010905
  ],
  "val_accuracy": [
    0.4563333333333333,
    0.49016666666666664,
    0.5118333333333334,
    0.5261666666666667,
    0.5333333333333333,
    0.526,
    0.5256666666666666,
    0.5293333333333333,
    0.5275,
    0.5248333333333334,
    0.5248333333333334,
    0.5203333333333333,
    0.521,
    0.52,
    0.5226666666666666,
    0.5236666666666666,
    0.5225,
    0.5268333333333334,
    0.524,
    0.5216666666666666,
    0.5236666666666666,
    0.522,
    0.5221666666666667,
    0.5236666666666666,
    0.5235,
    0.5235,
    0.5225,
    0.5223333333333333,
    0.5228333333333334,
    0.5226666666666666,
    0.523,
    0.5228333333333334,
    0.5233333333333333,
    0.5233333333333333,
    0.5226666666666666,
    0.5225,
    0.5226666666666666,
    0.5228333333333334,
    0.523,
    0.5228333333333334,
    0.5228333333333334,
    0.523,
    0.523,
    0.523,
    0.523,
    0.523,
    0.523,
    0.523,
    0.523,
    0.523
  ],
  "lr": [
    0.001,
    0.001,
    0.001,
    0.001,
    0.001,
    0.001,
    0.0005,
    0.0005,
    0.0005,
    0.00025,
    0.00025,
    0.00025,
    0.000125,
    0.000125,
    0.000125,
    6.25e-05,
    6.25e-05,
    6.25e-05,
    3.125e-05,
    3.125e-05,
    3.125e-05,
    1.5625e-05,
    1.5625e-05,
    1.5625e-05,
    7.8125e-06,
    7.8125e-06,
    7.8125e-06,
    3.90625e-06,
    3.90625e-06,
    3.90625e-06,
    1.953125e-06,
    1.953125e-06,
    1.953125e-06,
    9.765625e-07,
    9.765625e-07,
    9.765625e-07,
    4.8828125e-07,
    4.8828125e-07,
    4.8828125e-07,
    2.44140625e-07,
    2.44140625e-07,
    2.44140625e-07,
    1.220703125e-07,
    1.220703125e-07,
    1.220703125e-07,
    6.103515625e-08,
    6.103515625e-08,
    6.103515625e-08,
    3.0517578125e-08,
    3.0517578125e-08
  ]
}