{
  "best_epoch": 5,
  "best_val_accuracy": 0.5333333333333333,
  "best_val_loss": 1.4223494470914204
}