{
  "train_loss": [
    1.6643151671091716,
    1.2857357238133749,
    1.1408202416102091,
    1.03518874057134,
    0.9386470195452372,
    0.8616217329502106,
    0.8005835793018341,
    0.7182495620250702,
    0.6556309552987417,
    0.5884453729788462,
    0.5341698277791341,
    0.48165602910518646,
    0.3176644067764282,
    0.26442676862080894,
    0.22326484417915343,
    0.18999455659588177,
    0.12024988734722138,
    0.09305572115878265,
    0.07845652708907921,
    0.054142093112071354,
    0.04696667479972045,
    0.040956191691259546,
    0.03262231096873681,
    0.028210602494577568,
    0.02618215610086918,
    0.023156976256519555,
    0.021346193005641303,
    0.020989643511672814,
    0.018529998837659756,
    0.01781851685916384,
    0.01754924975708127,
    0.016815168872475625,
    0.01644724219913284,
    0.01580901501327753,
    0.015465407580137253,
    0.015322394892573357,
    0.015750171094511947,
    0.01526425825804472,
    0.015061815982063612,
    0.01482680144533515,
    0.014842626310884953,
    0.015093244558821122,
    0.014389605093747378,
    0.014821731641888618,
    0.014433456824471553,
    0.014654636004318794,
    0.014855995365728935,
    0.014776228668789068,
    0.014812946803867817,
    0.01501460263878107
  ],
  "train_accuracy": [
    0.41783333333333333,
    0.5562083333333333,
    0.6055,
    0.639875,
    0.67775,
    0.7027083333333334,
    0.7235,
    0.754,
    0.7750833333333333,
    0.8028333333333333,
    0.8165416666666667,
    0.8349583333333334,
    0.8957083333333333,
    0.9151666666666667,
    0.9326666666666666,
    0.9419583333333333,
    0.9692083333333333,
    0.9793333333333333,
    0.982375,
    0.9913333333333333,
    0.99325,
    0.9944583333333333,
    0.9969583333333333,
    0.9977916666666666,
    0.9982916666666667,
    0.99875,
    0.9990416666666667,
    0.998875,
    0.9995,
    0.9994583333333333,
    0.999625,
    0.9994583333333333,
    0.9997916666666666,
    0.9995833333333334,
    0.99975,
    0.9997083333333333,
    0.99975,
    0.999625,
    0.9996666666666667,
    0.9995,
    0.9997916666666666,
    0.9997916666666666,
    0.9997916666666666,
    0.9997083333333333,
    0.9997916666666666,
    0.9998333333333334,
    0.999875,
    0.9995833333333334,
    0.9997083333333333,
    0.999625
  ],
  "val_loss": [
    1.4335955505371094,
    1.2356237080891928,
    1.1573399119377137,
    1.1486705352465312,
    1.0408989909092585,
    1.0052074767748516,
    0.9339532643953959,
    0.9749305415153503,
    0.9239420353571574,
    1.0073077947298685,
    1.0193847856521607,
    0.9309058987299601,
    0.8473101023038229,
    0.857822762966156,
    0.8882669775088629,
    0.9252779328028361,
    0.862276745001475,
    0.9031691300074259,
    0.9144743605454763,
    0.9154855780601502,
    0.933839763323466,
    0.9456669980684916,
    0.9358465441068013,
    0.9541558132171631,
    0.9633416996002198,
    0.960789154847463,
    0.9662311991850535,
    0.9712781107823054,
    0.9755040392080943,
    0.9793074529965718,
    0.982012528816859,
    0.9860613075494766,
    0.9832918292681376,
    0.9897398178974788,
    0.985682206551234,
    0.9914962819417318,
    1.0014488687117895,
    0.9930717283884685,
    0.9948527352809906,
    0.9944548845291138,
    0.9900834419727326,
    0.9980595055421193,
    0.9872307601769765,
    0.9936653860410054,
    0.9961386507352193,
    0.996429807583491,
    0.9927079505523045,
    0.9962768894036611,
    0.9985972082614899,
    0.9948782081604004
  ],
  "val_accuracy": [
    0.5006666666666667,
    0.5653333333333334,
    0.5903333333333334,
    0.5985,
    0.6413333333333333,
    0.6591666666666667,
    0.6765,
    0.686,
    0.6965,
    0.6733333333333333,
    0.6733333333333333,
    0.7031666666666667,
    0.7411666666666666,
    0.7405,
    0.7343333333333333,
    0.7388333333333333,
    0.7603333333333333,
    0.7545,
    0.7616666666666667,
    0.7626666666666667,
    0.7588333333333334,
    0.7658333333333334,
    0.767,
    0.769,
    0.7666666666666667,
    0.7686666666666667,
    0.7686666666666667,
    0.7688333333333334,
    0.768,
    0.7676666666666667,
    0.7673333333333333,
    0.7695,
    0.7703333333333333,
    0.7691666666666667,
    0.7693333333333333,
    0.7685,
    0.7691666666666667,
    0.7693333333333333,
    0.7691666666666667,
    0.7681666666666667,
    0.7675,
    0.769,
    0.7685,
    0.7676666666666667,
    0.7686666666666667,
    0.7688333333333334,
    0.7673333333333333,
    0.7685,
    0.7688333333333334,
    0.7671666666666667
  ],
  "lr": [
    0.001,
    0.001,
    0.001,
    0.001,
    0.001,
    0.001,
    0.001,
    0.001,
    0.001,
    0.001,
    0.001,
    0.0005,
    0.0005,
    0.0005,
    0.0005,
    0.00025,
    0.00025,
    0.00025,
    0.000125,
    0.000125,
    0.000125,
    6.25e-05,
    6.25e-05,
    6.25e-05,
    3.125e-05,
    3.125e-05,
    3.125e-05,
    1.5625e-05,
    1.5625e-05,
    1.5625e-05,
    7.8125e-06,
    7.8125e-06,
    7.8125e-06,
    3.90625e-06,
    3.90625e-06,
    3.90625e-06,
    1.953125e-06,
    1.953125e-06,
    1.953125e-06,
    9.765625e-07,
    9.765625e-07,
    9.765625e-07,
    4.8828125e-07,
    4.8828125e-07,
    4.8828125e-07,
    2.44140625e-07,
    2.44140625e-07,
    2.44140625e-07,
    1.220703125e-07,
    1.220703125e-07
  ]
}