{
  "best_epoch": 33,
  "best_val_accuracy": 0.7703333333333333,
  "best_val_loss": 0.9832918292681376
}