{
  "train_loss": [
    1.6844204880396525,
    1.3653389962514242,
    1.218913637638092,
    1.097562599658966,
    0.9827341739336649,
    0.8835943133036296,
    0.7926446410020193,
    0.7034396758079529,
    0.6068981246153513,
    0.3586136376460393,
    0.25525693988800047,
    0.1978420923948288,
    0.14833920629819233,
    0.06887760991354783,
    0.04239773000528415,
    0.029819423340260984,
    0.020329004157334567,
    0.01747392954180638,
    0.015432048117121061,
    0.013471665356929103,
    0.012723262008900444,
    0.0121234897809724,
    0.011279204310228427,
    0.010885597415889302,
    0.010613542225211858,
    0.010418928917497397,
    0.010218370845541358,
    0.010323176280905804,
    0.010343145891403158,
    0.010016067176436385,
    0.009826412580286463,
    0.009758212778717279,
    0.00980565406071643,
    0.009851178636153538,
    0.009702047800645233,
    0.009641063639273246,
    0.009817617575327555,
    0.009834463164210319,
    0.009638529575740297,
    0.009586222861583034,
    0.009927415722981095,
    0.009645207548514008,
    0.009669175437962016,
    0.009516827596351505,
    0.009617396546527743,
    0.009637863780682286,
    0.009667853891228637,
    0.00985851797523598,
    0.009640485912561416,
    0.009863730795681477
  ],
  "train_accuracy": [
    0.40320833333333334,
    0.5245,
    0.575875,
    0.6224583333333333,
    0.6602083333333333,
    0.6960416666666667,
    0.7295833333333334,
    0.7599166666666667,
    0.790875,
    0.8783333333333333,
    0.9180833333333334,
    0.9374166666666667,
    0.954125,
    0.9839166666666667,
    0.992375,
    0.9961666666666666,
    0.9981666666666666,
    0.998875,
    0.999,
    0.9994583333333333,
    0.9994583333333333,
    0.9995833333333334,
    0.99975,
    0.99975,
    0.9997916666666666,
    0.9999166666666667,
    0.9997916666666666,
    0.9998333333333334,
    0.9997916666666666,
    0.9997916666666666,
    0.999875,
    0.9998333333333334,
    0.999875,
    0.9998333333333334,
    0.9997916666666666,
    0.9999166666666667,
    0.999875,
    0.9998333333333334,
    0.9998333333333334,
    0.9999166666666667,
    0.9999166666666667,
    0.9998333333333334,
    0.9997916666666666,
    0.9997916666666666,
    0.9999166666666667,
    0.9998333333333334,
    0.99975,
    0.9999166666666667,
    0.9999583333333333,
    0.9997916666666666
  ],
  "val_loss": [
    1.413217793146769,
    1.2746283372243246,
    1.3809782796700796,
    1.15650403992335,
    1.2571157051722208,
    1.1443442542552948,
    1.2823544651667278,
    1.193570507367452,
    1.2757375291188557,
    1.0564469738006592,
    1.1732052604357401,
    1.1819753228028615,
    1.3422618627548217,
    1.2449041142463684,
    1.274627784649531,
    1.3337939120928446,
    1.352222494284312,
    1.3679305198987326,
    1.375448800166448,
    1.396652725537618,
    1.3981397751967113,
    1.4119336976210277,
    1.4068006177743275,
    1.423831684589386,
    1.4256458740234375,
    1.4222404828071595,
    1.421820380528768,
    1.4263885074456533,
    1.4246793837547302,
    1.425164455572764,
    1.4252232596079508,
    1.4359225903352102,
    1.4260946718851726,
    1.4294662016232809,
    1.4224688607056937,
    1.4349549609820047,
    1.4390463035901389,
    1.4311513075828552,
    1.431036732753118,
    1.4308495195706685,
    1.424837334314982,
    1.4336573143005371,
    1.418796470006307,
    1.4267255374590555,
    1.4289138147036236,
    1.4333442470232645,
    1.4212726338704427,
    1.4280205314159393,
    1.4272637354532878,
    1.428383169412613
  ],
  "val_accuracy": [
    0.504,
    0.5531666666666667,
    0.5235,
    0.6086666666666667,
    0.58,
    0.6208333333333333,
    0.6188333333333333,
    0.641,
    0.6121666666666666,
    0.6743333333333333,
    0.682,
    0.685,
    0.679,
    0.6981666666666667,
    0.7025,
    0.7018333333333333,
    0.7065,
    0.7035,
    0.6998333333333333,
    0.7028333333333333,
    0.704,
    0.704,
    0.7048333333333333,
    0.7028333333333333,
    0.703,
    0.704,
    0.7031666666666667,
    0.7033333333333334,
    0.7028333333333333,
    0.7041666666666667,
    0.7036666666666667,
    0.7046666666666667,
    0.7026666666666667,
    0.703,
    0.7021666666666667,
    0.7016666666666667,
    0.7038333333333333,
    0.7038333333333333,
    0.7033333333333334,
    0.7056666666666667,
    0.7036666666666667,
    0.7036666666666667,
    0.7043333333333334,
    0.7021666666666667,
    0.7038333333333333,
    0.704,
    0.704,
    0.7038333333333333,
    0.7031666666666667,
    0.7046666666666667
  ],
  "lr": [
    0.01,
    0.01,
    0.01,
    0.01,
    0.01,
    0.01,
    0.01,
    0.01,
    0.005,
    0.005,
    0.005,
    0.005,
    0.0025,
    0.0025,
    0.0025,
    0.00125,
    0.00125,
    0.00125,
    0.000625,
    0.000625,
    0.000625,
    0.0003125,
    0.0003125,
    0.0003125,
    0.00015625,
    0.00015625,
    0.00015625,
    7.8125e-05,
    7.8125e-05,
    7.8125e-05,
    3.90625e-05,
    3.90625e-05,
    3.90625e-05,
    1.953125e-05,
    1.953125e-05,
    1.953125e-05,
    9.765625e-06,
    9.765625e-06,
    9.765625e-06,
    4.8828125e-06,
    4.8828125e-06,
    4.8828125e-06,
    2.44140625e-06,
    2.44140625e-06,
    2.44140625e-06,
    1.220703125e-06,
    1.220703125e-06,
    1.220703125e-06,
    6.103515625e-07,
    6.103515625e-07
  ]
}