{
  "train_loss": [
    1.8957258904774983,
    1.549184323946635,
    1.4257022167841593,
    1.3163430159886678,
    1.2376434086163839,
    1.1730426923433939,
    1.1141655015945435,
    1.0595779280662536,
    1.0243176891009014,
    0.9664194477399191,
    0.9231951662699381,
    0.8964448766708374,
    0.8644803539911906,
    0.7524605085055034,
    0.7317126494248708,
    0.7029106253782909,
    0.6870894265969595,
    0.6631387903690338,
    0.6400417265892029,
    0.5866103861331939,
    0.5598218406836192,
    0.550482343753179,
    0.5358752028544744,
    0.5307570565541585,
    0.5206115169525146,
    0.5127412549654643,
    0.49728984872500104,
    0.49100460577011107,
    0.4576435446341833,
    0.4446577135324478,
    0.43979850244522095,
    0.43949363112449646,
    0.4322370417515437,
    0.42332108787695566,
    0.40237545998891194,
    0.3998234110673269,
    0.3986239583094915,
    0.3931654659112295,
    0.3922010009288788,
    0.38372800497214,
    0.3848724120259285,
    0.3852412730058034,
    0.37728598749637604,
    0.3717415341536204,
    0.37265790661176046,
    0.36630323427915573,
    0.3697294596831004,
    0.3604208528995514,
    0.3652023152510325,
    0.36398146744569143
  ],
  "train_accuracy": [
    0.32695833333333335,
    0.45358333333333334,
    0.498375,
    0.5412083333333333,
    0.572125,
    0.5940416666666667,
    0.6188333333333333,
    0.637,
    0.646,
    0.6688333333333333,
    0.6858333333333333,
    0.696125,
    0.706,
    0.7472083333333334,
    0.7511666666666666,
    0.76075,
    0.7671666666666667,
    0.77425,
    0.782375,
    0.8029583333333333,
    0.8112916666666666,
    0.8175,
    0.820125,
    0.8209166666666666,
    0.825,
    0.8286666666666667,
    0.834625,
    0.839125,
    0.8472916666666667,
    0.851,
    0.8539166666666667,
    0.8537916666666666,
    0.8585416666666666,
    0.8598333333333333,
    0.8699583333333333,
    0.867625,
    0.868875,
    0.872125,
    0.87175,
    0.8722916666666667,
    0.8715833333333334,
    0.8719583333333333,
    0.8747083333333333,
    0.8784166666666666,
    0.8801666666666667,
    0.8804583333333333,
    0.8788333333333334,
    0.8842083333333334,
    0.880125,
    0.880375
  ],
  "val_loss": [
    1.5796566457748413,
    1.439012498696645,
    1.2179653684298197,
    1.2158055885632832,
    1.1121255359649658,
    1.0530847641626995,
    0.9865650469462077,
    1.0388645228147506,
    0.9423203019301096,
    0.8838864954312643,
    0.9687672198613485,
    0.8887039159138997,
    0.9560418497721355,
    0.7685665632883708,
    0.7356347533861796,
    0.6994868471622467,
    0.7882928595542907,
    0.7483410197893778,
    0.7027834334373474,
    0.6741192353566487,
    0.6751083372831345,
    0.6710573297341664,
    0.6526594075759252,
    0.6503531237840653,
    0.6457570930322011,
    0.655947174946467,
    0.6562100168466568,
    0.6761994195779165,
    0.6291702533165614,
    0.6345212276379267,
    0.6263170518875122,
    0.6518983319997788,
    0.6338118898868561,
    0.6366473857959112,
    0.6278978376587232,
    0.6255437746842702,
    0.6290248442093531,
    0.6296537530620893,
    0.6252833971182505,
    0.622920922935009,
    0.6323044414122899,
    0.6301234811941783,
    0.622894846757253,
    0.6253033411502839,
    0.6221515802939733,
    0.620993870317936,
    0.6248064939975738,
    0.6195694207350413,
    0.6207356990178426,
    0.6233645693858465
  ],
  "val_accuracy": [
    0.43466666666666665,
    0.49183333333333334,
    0.5735,
    0.5756666666666667,
    0.6121666666666666,
    0.6301666666666667,
    0.6513333333333333,
    0.643,
    0.6743333333333333,
    0.6945,
    0.667,
    0.693,
    0.6813333333333333,
    0.7375,
    0.7456666666666667,
    0.7575,
    0.7368333333333333,
    0.7456666666666667,
    0.7631666666666667,
    0.7721666666666667,
    0.7783333333333333,
    0.7746666666666666,
    0.7831666666666667,
    0.7788333333333334,
    0.7808333333333334,
    0.785,
    0.7826666666666666,
    0.777,
    0.793,
    0.7916666666666666,
    0.795,
    0.7876666666666666,
    0.794,
    0.7945,
    0.799,
    0.8001666666666667,
    0.798,
    0.8005,
    0.798,
    0.7988333333333333,
    0.793,
    0.7985,
    0.7996666666666666,
    0.7978333333333333,
    0.7995,
    0.802,
    0.7986666666666666,
    0.8,
    0.7998333333333333,
    0.7998333333333333
  ],
  "lr": [
    0.001,
    0.001,
    0.001,
    0.001,
    0.001,
    0.001,
    0.001,
    0.001,
    0.001,
    0.001,
    0.001,
    0.001,
    0.0005,
    0.0005,
    0.0005,
    0.0005,
    0.0005,
    0.0005,
    0.00025,
    0.00025,
    0.00025,
    0.00025,
    0.00025,
    0.00025,
    0.00025,
    0.00025,
    0.00025,
    0.000125,
    0.000125,
    0.000125,
    0.000125,
    0.000125,
    0.000125,
    6.25e-05,
    6.25e-05,
    6.25e-05,
    6.25e-05,
    6.25e-05,
    6.25e-05,
    6.25e-05,
    6.25e-05,
    6.25e-05,
    3.125e-05,
    3.125e-05,
    3.125e-05,
    3.125e-05,
    3.125e-05,
    3.125e-05,
    3.125e-05,
    3.125e-05
  ]
}