{
  "train_loss": [
    1.6548789364496868,
    1.270832904179891,
    1.1099860773086547,
    0.9737698562939961,
    0.8623119061787923,
    0.7412615207831065,
    0.6365675338904063,
    0.5313053195079168,
    0.4214468559424082,
    0.19955264695485433,
    0.12034851826230684,
    0.07559060092270374,
    0.033608486379186314,
    0.019998748434086642,
    0.014129194940129916,
    0.009413277310008804,
    0.00835645707634588,
    0.007301985225950678,
    0.00612172954591612,
    0.005513810494914651,
    0.0050893616024404766,
    0.0045076915103321276,
    0.004367587240412831,
    0.004130616391698519,
    0.00392755983521541,
    0.003686740666938325,
    0.003616738814860582,
    0.0034362027812749147,
    0.0034111544309804835,
    0.0033157242617259425,
    0.0032507289089262485,
    0.003164992398582399,
    0.003180066665634513,
    0.003077601209282875,
    0.0030741144424925246,
    0.0030808152239769696,
    0.003010931731512149,
    0.003020453534089029,
    0.0030480794332300625,
    0.002951861950258414,
    0.002960553793857495,
    0.0029851572137946886,
    0.002985752829350531,
    0.003007987738897403,
    0.0029736545411869885,
    0.00298044098696361,
    0.002969466903867821,
    0.0029224504188944895,
    0.002908421210323771,
    0.002891485662199557
  ],
  "train_accuracy": [
    0.416125,
    0.55475,
    0.6129583333333334,
    0.6610833333333334,
    0.7025416666666666,
    0.7434583333333333,
    0.7807083333333333,
    0.820125,
    0.85575,
    0.9413333333333334,
    0.9710416666666667,
    0.9833333333333333,
    0.99725,
    0.999375,
    0.9999166666666667,
    1.0,
    0.9999583333333333,
    1.0,
    1.0,
    1.0,
    1.0,
    1.0,
    1.0,
    1.0,
    1.0,
    1.0,
    1.0,
    1.0,
    1.0,
    1.0,
    1.0,
    1.0,
    1.0,
    1.0,
    1.0,
    1.0,
    1.0,
    1.0,
    1.0,
    1.0,
    1.0,
    1.0,
    1.0,
    1.0,
    1.0,
    1.0,
    1.0,
    1.0,
    1.0,
    1.0
  ],
  "val_loss": [
    1.8389528855482737,
    1.455762478351593,
    1.1208272517522175,
    1.118062112490336,
    1.0625021569331488,
    0.9877403758366903,
    1.1425891920725504,
    1.101450023651123,
    1.1155046191612878,
    1.075948051293691,
    1.050838224252065,
    1.1900796686808268,
    1.0867917838493983,
    1.1342337041695914,
    1.1636226298014323,
    1.16866552845637,
    1.1822021056811014,
    1.1954042534828186,
    1.2038031379381815,
    1.2126644089221954,
    1.2306308713754017,
    1.2458593830267588,
    1.2353802007834116,
    1.2413723009427389,
    1.251422354221344,
    1.25576154144605,
    1.249044907728831,
    1.252322016398112,
    1.2707344241142273,
    1.2619091840585073,
    1.26093907447656,
    1.259167888045311,
    1.2686253186066945,
    1.2690288728078207,
    1.2671529993216197,
    1.2677745412190755,
    1.2746516506671905,
    1.274585481484731,
    1.2699621158440908,
    1.2684363058408101,
    1.2708066234588622,
    1.2692265701293945,
    1.270533835967382,
    1.2714252876440684,
    1.266051683584849,
    1.2782270495096844,
    1.2711752105553944,
    1.277224792957306,
    1.2788415781259537,
    1.274542573372523
  ],
  "val_accuracy": [
    0.3988333333333333,
    0.506,
    0.6041666666666666,
    0.6101666666666666,
    0.6341666666666667,
    0.6658333333333334,
    0.6373333333333333,
    0.6593333333333333,
    0.6671666666666667,
    0.7006666666666667,
    0.7083333333333334,
    0.695,
    0.7213333333333334,
    0.7266666666666667,
    0.7296666666666667,
    0.7266666666666667,
    0.7278333333333333,
    0.7255,
    0.7285,
    0.7286666666666667,
    0.7273333333333334,
    0.73,
    0.7295,
    0.7285,
    0.7308333333333333,
    0.7296666666666667,
    0.729,
    0.729,
    0.7296666666666667,
    0.7298333333333333,
    0.7293333333333333,
    0.729,
    0.7288333333333333,
    0.729,
    0.728,
    0.7303333333333333,
    0.729,
    0.7281666666666666,
    0.7281666666666666,
    0.7278333333333333,
    0.7281666666666666,
    0.7293333333333333,
    0.7281666666666666,
    0.7285,
    0.7286666666666667,
    0.729,
    0.7265,
    0.7283333333333334,
    0.729,
    0.7288333333333333
  ],
  "lr": [
    0.001,
    0.001,
    0.001,
    0.001,
    0.001,
    0.001,
    0.001,
    0.001,
    0.0005,
    0.0005,
    0.0005,
    0.00025,
    0.00025,
    0.00025,
    0.000125,
    0.000125,
    0.000125,
    6.25e-05,
    6.25e-05,
    6.25e-05,
    3.125e-05,
    3.125e-05,
    3.125e-05,
    1.5625e-05,
    1.5625e-05,
    1.5625e-05,
    7.8125e-06,
    7.8125e-06,
    7.8125e-06,
    3.90625e-06,
    3.90625e-06,
    3.90625e-06,
    1.953125e-06,
    1.953125e-06,
    1.953125e-06,
    9.765625e-07,
    9.765625e-07,
    9.765625e-07,
    4.8828125e-07,
    4.8828125e-07,
    4.8828125e-07,
    2.44140625e-07,
    2.44140625e-07,
    2.44140625e-07,
    1.220703125e-07,
    1.220703125e-07,
    1.220703125e-07,
    6.103515625e-08,
    6.103515625e-08,
    6.103515625e-08
  ]
}