{
  "train_loss": [
    1.993911867459615,
    1.6708880132039388,
    1.5530689236323039,
    1.4692074270248414,
    1.3897115686734518,
    1.3245055108070374,
    1.2728641406695047,
    1.2161678338050843,
    1.1792226915359496,
    1.1349156141281127,
    1.1068942516644795,
    1.0681623578071595,
    1.041071675459544,
    1.015428998788198,
    0.9901252824465434,
    0.9595613390604655,
    0.935657306989034,
    0.9179801030158996,
    0.8263499668439229,
    0.8038704347610474,
    0.7879581988652548,
    0.7607804591655731,
    0.7486751109759013,
    0.7021685088475546,
    0.6938868131637573,
    0.6741305466492971,
    0.6778774063587188,
    0.6739948295752207,
    0.6589507017930348,
    0.6471679089069367,
    0.6429216893513997,
    0.6341409477392832,
    0.6159128034114838,
    0.5987124250729878,
    0.5988158119519552,
    0.593288975874583,
    0.5839035199085871,
    0.585881235520045,
    0.5789514052470525,
    0.5623297294775645,
    0.5628167802492777,
    0.5605551431179047,
    0.5525238153934479,
    0.5500888085365295,
    0.5543419884840647,
    0.5459116980234782,
    0.549511487364769,
    0.5381919113000234,
    0.5308705633878708,
    0.5351052180131276,
    0.5423759144941965,
    0.5313161068360011,
    0.5359123794237772,
    0.532694264570872,
    0.5260784837404887,
    0.5330475386778514,
    0.5315238822301229,
    0.5250872243245442,
    0.5265808401902516,
    0.526539528131485,
    0.5155184292793273,
    0.5303994493484497,
    0.5191694800059,
    0.5199315811395645,
    0.5195171994368235,
    0.5264755427837372,
    0.5243403826554617,
    0.5209787247975667,
    0.5155926766395569,
    0.5186700790723164,
    0.5131603988409043,
    0.5168903996149699,
    0.5188596976598104,
    0.5239224025011062,
    0.5150183788140614,
    0.5175436700582504,
    0.5177589835325876,
    0.5109149973392486,
    0.5221473641395569,
    0.520316373427709,
    0.5121371353467306,
    0.5210006109873454,
    0.5203243130842845,
    0.513005942662557,
    0.515913555820783,
    0.5164421129226685,
    0.5129531976779302,
    0.5151275300979614,
    0.5197610628604888,
    0.5185833302338918,
    0.5219688491026561,
    0.5066556901534398,
    0.5173936773935954,
    0.524547804236412,
    0.5200218664010365,
    0.5138627901474635,
    0.508697855313619,
    0.5199324417114258,
    0.5200934257507325,
    0.5169392023881276
  ],
  "train_accuracy": [
    0.2813333333333333,
    0.4095416666666667,
    0.45695833333333336,
    0.4872916666666667,
    0.5200833333333333,
    0.540125,
    0.5585,
    0.5797083333333334,
    0.595625,
    0.6124583333333333,
    0.620625,
    0.63375,
    0.6433333333333333,
    0.6520416666666666,
    0.6631666666666667,
    0.6725416666666667,
    0.6767916666666667,
    0.68725,
    0.718,
    0.730875,
    0.7325416666666666,
    0.7422083333333334,
    0.7489583333333333,
    0.7639583333333333,
    0.7647083333333333,
    0.7694583333333334,
    0.7693333333333333,
    0.7719166666666667,
    0.7756666666666666,
    0.7815416666666667,
    0.7834166666666667,
    0.787375,
    0.7909583333333333,
    0.7948333333333333,
    0.7974583333333334,
    0.7982916666666666,
    0.8046666666666666,
    0.80425,
    0.8045,
    0.810375,
    0.8107916666666667,
    0.810625,
    0.816,
    0.8152916666666666,
    0.8126666666666666,
    0.8179166666666666,
    0.8144583333333333,
    0.8192916666666666,
    0.8215,
    0.8205,
    0.81825,
    0.8210833333333334,
    0.8197083333333334,
    0.8201666666666667,
    0.8242916666666666,
    0.8205,
    0.824125,
    0.825125,
    0.8235416666666666,
    0.8240416666666667,
    0.828125,
    0.823875,
    0.825875,
    0.8250416666666667,
    0.8279166666666666,
    0.8255416666666666,
    0.8255833333333333,
    0.8263333333333334,
    0.8270416666666667,
    0.8245833333333333,
    0.8295833333333333,
    0.8265833333333333,
    0.8239166666666666,
    0.8259583333333333,
    0.8249166666666666,
    0.8262083333333333,
    0.8236666666666667,
    0.8290416666666667,
    0.8247916666666667,
    0.8274166666666667,
    0.8285416666666666,
    0.8253333333333334,
    0.8243333333333334,
    0.8272083333333333,
    0.8271666666666667,
    0.8274166666666667,
    0.8288333333333333,
    0.8287083333333334,
    0.8258333333333333,
    0.8260833333333333,
    0.8278333333333333,
    0.8292916666666666,
    0.8293333333333334,
    0.8223333333333334,
    0.8269166666666666,
    0.8279583333333334,
    0.829875,
    0.8240833333333333,
    0.8235416666666666,
    0.8282083333333333
  ],
  "val_loss": [
    1.617452200571696,
    1.630531680027644,
    1.3395822316805521,
    1.2551739015579224,
    1.2210085668563844,
    1.2293757417996725,
    1.0795176253318786,
    1.1039999837478003,
    1.048580978870392,
    0.9716321511268615,
    0.9885862596829732,
    0.9141746629873911,
    0.8716853399276734,
    0.8651904900868733,
    0.8056474741697311,
    0.8300451984405518,
    0.9643441549936931,
    0.9693888049920399,
    0.7133496235609055,
    0.6872009624640147,
    0.7263189013799032,
    0.7052700187365214,
    0.7120775386492412,
    0.6443901876211167,
    0.6402279755473137,
    0.6238721861044566,
    0.6308909774621327,
    0.6308629465699196,
    0.613776802778244,
    0.6222288057804107,
    0.6243367610772451,
    0.6386911596059799,
    0.6022176517645518,
    0.5944608938694,
    0.6004533499876659,
    0.5902613634268443,
    0.6003880269527435,
    0.5982225610812505,
    0.5928065745035808,
    0.5817642404635748,
    0.5847802134354909,
    0.5784751578966777,
    0.5763178157011668,
    0.5806404740810395,
    0.580097994128863,
    0.5772695333162944,
    0.5777679281632105,
    0.5745353739261627,
    0.5750668126344681,
    0.5737968212366105,
    0.5761164044539133,
    0.5737229035298029,
    0.5769195782740911,
    0.5686314905484517,
    0.5742373603185018,
    0.5740372011264165,
    0.5777674527565638,
    0.5733549780448278,
    0.5726137028535208,
    0.5739090329408646,
    0.5716906630595525,
    0.5714556670586268,
    0.5709906782706579,
    0.5701458911101024,
    0.5718937379519144,
    0.5692642079989115,
    0.570820816119512,
    0.5712582986354828,
    0.5698793073892593,
    0.5702614238262177,
    0.5699740809599558,
    0.5704818114042282,
    0.5718422332207362,
    0.5697791464328766,
    0.5715656150976817,
    0.5709341775973638,
    0.5705154532591502,
    0.5702115594148636,
    0.5693835841019949,
    0.5713056205511093,
    0.5694573497374853,
    0.5723645077943802,
    0.571730795343717,
    0.5707822403907776,
    0.5697931049267451,
    0.5711157705783844,
    0.5697809685468673,
    0.5719923971096674,
    0.5706188351313273,
    0.5700952696005503,
    0.5708404961824417,
    0.5708385944366455,
    0.569066132903099,
    0.5705112221638362,
    0.5703234841426214,
    0.5702423572142918,
    0.570498711625735,
    0.5705709753831227,
    0.5713032190004984,
    0.5697573647896449
  ],