{
  "train_loss": [
    1.81313099861145,
    1.544558884302775,
    1.4334762072563172,
    1.3492436695098877,
    1.273377709229787,
    1.223793280919393,
    1.175181456565857,
    1.133651536464691,
    1.098962728023529,
    1.0633113468488058,
    1.0224500323931376,
    0.9982962630589803,
    0.9622578865687053,
    0.9249220825831095,
    0.9109036550521851,
    0.8797821567853292,
    0.8552355292638143,
    0.8317444825967153,
    0.8141695693333943,
    0.7825501899719238,
    0.7677271907329559,
    0.7428131909370422,
    0.717568349123001,
    0.6982180409431458,
    0.6855648145675659,
    0.6637085481484731,
    0.640842725276947,
    0.6272107829252879,
    0.5354807670911154,
    0.5170319632291794,
    0.495513267993927,
    0.4775279668569565,
    0.46762637797991435,
    0.4522624944448471,
    0.44336632172266643,
    0.3850996839602788,
    0.37171048323313394,
    0.3617013988097509,
    0.35478109323978424,
    0.34336566539605456,
    0.3338053159316381,
    0.3089340944290161,
    0.30421282720565795,
    0.297223654170831,
    0.28363418596982953,
    0.2825938971837362,
    0.27779133303960163,
    0.2693615242640177,
    0.2683459264437358,
    0.2624279002745946
  ],
  "train_accuracy": [
    0.35625,
    0.457375,
    0.49854166666666666,
    0.5270833333333333,
    0.5559166666666666,
    0.5702083333333333,
    0.5911666666666666,
    0.6079166666666667,
    0.6165833333333334,
    0.6287916666666666,
    0.6421666666666667,
    0.64975,
    0.6632916666666666,
    0.6738333333333333,
    0.6789166666666666,
    0.6927916666666667,
    0.7007916666666667,
    0.7104166666666667,
    0.7175833333333334,
    0.725125,
    0.732375,
    0.739625,
    0.7474583333333333,
    0.7553333333333333,
    0.7598333333333334,
    0.7654166666666666,
    0.7755416666666667,
    0.7790416666666666,
    0.8133333333333334,
    0.8187916666666667,
    0.8255416666666666,
    0.8329166666666666,
    0.8369583333333334,
    0.84075,
    0.842625,
    0.8645416666666667,
    0.87125,
    0.8737083333333333,
    0.8764583333333333,
    0.87875,
    0.8864166666666666,
    0.8959583333333333,
    0.895,
    0.8998333333333334,
    0.90075,
    0.904,
    0.9029166666666667,
    0.9088333333333334,
    0.9077083333333333,
    0.9112083333333333
  ],
  "val_loss": [
    1.5422708745002747,
    1.4255697294871013,
    1.3962647602558136,
    1.2182902363936106,
    1.1989855483373006,
    1.0947028586864471,
    1.1243230340480805,
    1.0635689973831177,
    1.0393703680833182,
    1.0146086438894273,
    1.0284224951664607,
    0.9817839048703512,
    1.020065501332283,
    0.9143330010970434,
    0.9463301064968109,
    0.9050000572800636,
    0.882107503414154,
    0.8821094597975413,
    0.8781006418863933,
    0.9129111247062683,
    1.0172451783816019,
    0.8561549060742061,
    0.8191233280102412,
    0.8303474371433258,
    0.8163783760070801,
    0.8561940053105355,
    0.8559468443791072,
    0.8661561119556427,
    0.8570958132545153,
    0.7983633288145066,
    0.7629128356377284,
    0.7420026085972786,
    0.8554894501765569,
    0.7861547717849413,
    0.7570545216004054,
    0.7425052129427592,
    0.762663892865181,
    0.7332584844430288,
    0.7372086639205615,
    0.7481685561736425,
    0.7537593043247859,
    0.747707002679507,
    0.7541677161455155,
    0.7465476807753245,
    0.7471442113717397,
    0.7501102328697841,
    0.7461910447478295,
    0.7410820345878602,
    0.7488354386289915,
    0.7419538149634997
  ],
  "val_accuracy": [
    0.45766666666666667,
    0.49916666666666665,
    0.5165,
    0.576,
    0.5808333333333333,
    0.6251666666666666,
    0.6066666666666667,
    0.628,
    0.6318333333333334,
    0.6391666666666667,
    0.6465,
    0.6543333333333333,
    0.6476666666666666,
    0.6833333333333333,
    0.6758333333333333,
    0.6851666666666667,
    0.6985,
    0.6988333333333333,
    0.7001666666666667,
    0.6948333333333333,
    0.6603333333333333,
    0.706,
    0.7175,
    0.7188333333333333,
    0.725,
    0.7133333333333334,
    0.7163333333333334,
    0.7166666666666667,
    0.7215,
    0.7383333333333333,
    0.7441666666666666,
    0.7541666666666667,
    0.7383333333333333,
    0.7426666666666667,
    0.7551666666666667,
    0.7616666666666667,
    0.7606666666666667,
    0.7635,
    0.7666666666666667,
    0.7678333333333334,
    0.7593333333333333,
    0.7676666666666667,
    0.7676666666666667,
    0.7681666666666667,
    0.7671666666666667,
    0.7711666666666667,
    0.7706666666666667,
    0.7701666666666667,
    0.7683333333333333,
    0.7703333333333333
  ],
  "lr": [
    0.001,
    0.001,
    0.001,
    0.001,
    0.001,
    0.001,
    0.001,
    0.001,
    0.001,
    0.001,
    0.001,
    0.001,
    0.001,
    0.001,
    0.001,
    0.001,
    0.001,
    0.001,
    0.001,
    0.001,
    0.001,
    0.001,
    0.001,
    0.001,
    0.001,
    0.001,
    0.001,
    0.0005,
    0.0005,
    0.0005,
    0.0005,
    0.0005,
    0.0005,
    0.0005,
    0.00025,
    0.00025,
    0.00025,
    0.00025,
    0.00025,
    0.00025,
    0.000125,
    0.000125,
    0.000125,
    6.25e-05,
    6.25e-05,
    6.25e-05,
    3.125e-05,
    3.125e-05,
    3.125e-05,
    1.5625e-05
  ]
}