{
  "best_epoch": 46,
  "best_val_accuracy": 0.7711666666666667,
  "best_val_loss": 0.7501102328697841
}