{
  "train_loss": [
    2.5484487489064533,
    2.2899033489227296,
    2.1991106532414753,
    2.0722325366338095,
    2.036319506963094,
    1.9527646036148072,
    1.7326709073384603,
    1.5972616011301677,
    1.5107030299504598,
    1.449865953127543,
    1.392148429552714,
    1.3264588430722555,
    1.292984843413035,
    1.2622097951571147,
    1.2406343461672464,
    1.210834355354309,
    1.1079752510388692,
    1.0756352392832438,
    1.0555610562960307,
    1.0433696297009787,
    1.0314985926946003,
    1.0045941432317098,
    0.9909820294380188,
    0.9781931603749593,
    0.9604383834203084,
    0.9549019783337911,
    0.873522473971049,
    0.8553861678441366,
    0.8399152452150981,
    0.8290828496615092,
    0.7694920907020569,
    0.7545339096387227,
    0.7460898503462473,
    0.7161670247713725,
    0.7030181775887807,
    0.695070022503535,
    0.6798974213600159,
    0.6736195129553477,
    0.6707835359573364,
    0.6607862051328023,
    0.6596592368284862,
    0.6563023156325022,
    0.6508113919893901,
    0.6508174313704173,
    0.6496847278277079,
    0.6497976579666138,
    0.6499603470166524,
    0.6451554622650146,
    0.644505696853002,
    0.6440491323471069
  ],
  "train_accuracy": [
    0.097875,
    0.11016666666666666,
    0.169875,
    0.2295,
    0.240375,
    0.276375,
    0.3745,
    0.426375,
    0.45820833333333333,
    0.47991666666666666,
    0.50575,
    0.533625,
    0.5417083333333333,
    0.554875,
    0.5594166666666667,
    0.57375,
    0.611125,
    0.6176666666666667,
    0.6282083333333334,
    0.6349166666666667,
    0.6349583333333333,
    0.6444583333333334,
    0.6505833333333333,
    0.6555416666666667,
    0.664,
    0.6625,
    0.6924166666666667,
    0.6960833333333334,
    0.701875,
    0.7049166666666666,
    0.72775,
    0.7344166666666667,
    0.7368333333333333,
    0.74575,
    0.7522916666666667,
    0.756875,
    0.7624583333333333,
    0.7639166666666667,
    0.7666666666666667,
    0.7690416666666666,
    0.7691666666666667,
    0.7708333333333334,
    0.77525,
    0.774625,
    0.776375,
    0.7755416666666667,
    0.7726666666666666,
    0.776125,
    0.7764166666666666,
    0.7769166666666667
  ],
  "val_loss": [
    2.30283153406779,
    2.2360116532643635,
    2.1293187837600707,
    2.0461497316360475,
    2.0816584949493406,
    1.8806425194740295,
    1.6705825185775758,
    1.554693990389506,
    1.5213515739440917,
    1.4808742488225302,
    1.431031694730123,
    1.3856865294774374,
    1.2833676282564799,
    1.373304229736328,
    1.2984601248105367,
    1.3794583627382915,
    1.2817196009953817,
    1.2446456696987152,
    1.2414759891033174,
    1.2710150044759114,
    1.2393047626813252,
    1.2539718777338664,
    1.2301091742515564,
    1.2591004769007366,
    1.252671839396159,
    1.3159622495174408,
    1.2036506055196126,
    1.2219408744176228,
    1.2273323772748312,
    1.2273117539087932,
    1.241100519657135,
    1.2585722681681315,
    1.260385878721873,
    1.2462991845607758,
    1.2506861078739167,
    1.270909093062083,
    1.2792127381960552,
    1.2716577712694803,
    1.2783423794110615,
    1.275624560991923,
    1.2705630920728048,
    1.2881092650095622,
    1.2724192752838135,
    1.2829140295982362,
    1.289028308391571,
    1.2868752222061157,
    1.2867921875317891,
    1.2864375693003336,
    1.2863562432924907,
    1.2863514332771302
  ],
  "val_accuracy": [
    0.1,
    0.14083333333333334,
    0.21166666666666667,
    0.23116666666666666,
    0.26,
    0.325,
    0.39916666666666667,
    0.438,
    0.4515,
    0.4725,
    0.4786666666666667,
    0.5065,
    0.5468333333333333,
    0.5158333333333334,
    0.5316666666666666,
    0.529,
    0.5438333333333333,
    0.562,
    0.5651666666666667,
    0.557,
    0.5705,
    0.5646666666666667,
    0.5748333333333333,
    0.5763333333333334,
    0.5671666666666667,
    0.567,
    0.5868333333333333,
    0.5943333333333334,
    0.592,
    0.5888333333333333,
    0.59,
    0.5916666666666667,
    0.5891666666666666,
    0.5996666666666667,
    0.5956666666666667,
    0.5906666666666667,
    0.5956666666666667,
    0.5973333333333334,
    0.5986666666666667,
    0.5981666666666666,
    0.5973333333333334,
    0.5955,
    0.5978333333333333,
    0.5951666666666666,
    0.5998333333333333,
    0.598,
    0.5991666666666666,
    0.5988333333333333,
    0.5988333333333333,
    0.5975
  ],
  "lr": [
    0.01,
    0.01,
    0.01,
    0.01,
    0.01,
    0.01,
    0.01,
    0.01,
    0.01,
    0.01,
    0.01,
    0.01,
    0.01,
    0.01,
    0.01,
    0.005,
    0.005,
    0.005,
    0.005,
    0.005,
    0.005,
    0.005,
    0.005,
    0.005,
    0.005,
    0.0025,
    0.0025,
    0.0025,
    0.0025,
    0.00125,
    0.00125,
    0.00125,
    0.000625,
    0.000625,
    0.000625,
    0.0003125,
    0.0003125,
    0.0003125,
    0.00015625,
    0.00015625,
    0.00015625,
    7.8125e-05,
    7.8125e-05,
    7.8125e-05,
    3.90625e-05,
    3.90625e-05,
    3.90625e-05,
    1.953125e-05,
    1.953125e-05,
    1.953125e-05
  ]
}