{
  "best_epoch": 45,
  "best_val_accuracy": 0.5998333333333333,
  "best_val_loss": 1.289028308391571
}