{
  "train_loss": [
    1.9860995817184448,
    1.6275259475708008,
    1.4909619913101195,
    1.4032535718282064,
    1.325722994963328,
    1.2599147051175434,
    1.206320971330007,
    1.154865984916687,
    1.1062723207473755,
    1.070131847858429,
    1.0291489483515421,
    0.9971964734395345,
    0.9723694151242575,
    0.9475526302655538,
    0.9164202423095703,
    0.8927849046389262,
    0.8628589676221212,
    0.8486141142845154,
    0.8238210291862488,
    0.8055128373305003,
    0.7788808838526408,
    0.7634610924720764,
    0.6786869916121165,
    0.6528478782176972,
    0.6345928750038147,
    0.6313262318770091,
    0.6214047506650289,
    0.6180516616503398,
    0.6074104340076446,
    0.5863499168554942,
    0.5376305731137594,
    0.524675342241923,
    0.520558795372645,
    0.5104977233409882,
    0.48896824653943377,
    0.48414602677027385,
    0.4783195647398631,
    0.47117817723751065,
    0.46419348947207134,
    0.4588281541665395,
    0.4436854496796926,
    0.44376544070243834,
    0.44551162830988567,
    0.43943278563022614,
    0.4435761456092199,
    0.4365804221232732,
    0.43286281406879423,
    0.4260491895278295,
    0.4232940189043681,
    0.43398000820477806
  ],
  "train_accuracy": [
    0.28208333333333335,
    0.4249583333333333,
    0.4791666666666667,
    0.5134166666666666,
    0.5425,
    0.5662083333333333,
    0.5847083333333334,
    0.598625,
    0.6189583333333334,
    0.634875,
    0.648125,
    0.659625,
    0.669375,
    0.6782083333333333,
    0.6864583333333333,
    0.6965416666666666,
    0.707,
    0.7100416666666667,
    0.7152083333333333,
    0.728,
    0.7344583333333333,
    0.737875,
    0.7668333333333334,
    0.7824166666666666,
    0.7837083333333333,
    0.7859583333333333,
    0.78725,
    0.7894583333333334,
    0.7957916666666667,
    0.8,
    0.818875,
    0.8248333333333333,
    0.8237916666666667,
    0.8299166666666666,
    0.83575,
    0.8370416666666667,
    0.84025,
    0.8419166666666666,
    0.845875,
    0.8469166666666667,
    0.853,
    0.851375,
    0.8535833333333334,
    0.8520416666666667,
    0.8518333333333333,
    0.85525,
    0.8558333333333333,
    0.8579166666666667,
    0.8617083333333333,
    0.8558333333333333
  ],
  "val_loss": [
    1.6208091459274292,
    1.7243023157914479,
    1.3708509952227275,
    1.2378380993207296,
    1.2987842106819152,
    1.2235187939802805,
    0.9850064024925232,
    1.1937552268505096,
    1.056396301428477,
    0.9035326368014017,
    0.9021337064107259,
    0.9063534197807313,
    0.8573767638206482,
    0.8635508841673533,
    0.7980823627312978,
    0.8082485044797262,
    0.7968905250231425,
    0.8118276591300965,
    0.7435799775123596,
    0.7473666769663493,
    0.7525957226753235,
    0.748487777074178,
    0.6537276453971863,
    0.6630770750840504,
    0.6281327591339747,
    0.6330704435110092,
    0.6137111292680104,
    0.6536171600023906,
    0.6316880898078283,
    0.6248752570152283,
    0.5913669943412145,
    0.630814581712087,
    0.5927018644809723,
    0.5930675881505012,
    0.5765655395189921,
    0.5711574866771698,
    0.5914033297300338,
    0.5794767212867736,
    0.5722292057673136,
    0.5643541882435481,
    0.5689315475225448,
    0.5635870979229609,
    0.5635262263615927,
    0.5635638059775034,
    0.571950458129247,
    0.5680811879634857,
    0.5592138024568558,
    0.5628337237437566,
    0.561857470313708,
    0.5650416605869929
  ],
  "val_accuracy": [
    0.4116666666666667,
    0.4116666666666667,
    0.5185,
    0.5598333333333333,
    0.5471666666666667,
    0.58,
    0.657,
    0.5976666666666667,
    0.6323333333333333,
    0.6845,
    0.686,
    0.6861666666666667,
    0.7075,
    0.709,
    0.7306666666666667,
    0.734,
    0.7286666666666667,
    0.7228333333333333,
    0.7468333333333333,
    0.7501666666666666,
    0.743,
    0.7438333333333333,
    0.782,
    0.7746666666666666,
    0.7871666666666667,
    0.7906666666666666,
    0.7938333333333333,
    0.7828333333333334,
    0.789,
    0.7918333333333333,
    0.8053333333333333,
    0.7915,
    0.8055,
    0.8066666666666666,
    0.8095,
    0.8151666666666667,
    0.8083333333333333,
    0.8156666666666667,
    0.8123333333333334,
    0.8158333333333333,
    0.8165,
    0.8175,
    0.8171666666666667,
    0.8163333333333334,
    0.8175,
    0.8166666666666667,
    0.818,
    0.8188333333333333,
    0.8195,
    0.8193333333333334
  ],
  "lr": [
    0.001,
    0.001,
    0.001,
    0.001,
    0.001,
    0.001,
    0.001,
    0.001,
    0.001,
    0.001,
    0.001,
    0.001,
    0.001,
    0.001,
    0.001,
    0.001,
    0.001,
    0.001,
    0.001,
    0.001,
    0.001,
    0.0005,
    0.0005,
    0.0005,
    0.0005,
    0.0005,
    0.0005,
    0.0005,
    0.0005,
    0.00025,
    0.00025,
    0.00025,
    0.00025,
    0.000125,
    0.000125,
    0.000125,
    0.000125,
    0.000125,
    6.25e-05,
    6.25e-05,
    6.25e-05,
    6.25e-05,
    6.25e-05,
    6.25e-05,
    6.25e-05,
    3.125e-05,
    3.125e-05,
    3.125e-05,
    3.125e-05,
    1.5625e-05
  ]
}