{
  "train_loss": [
    1.8661833769480387,
    1.4267433503468832,
    1.1277691615422567,
    0.7974978230794271,
    0.46587465643882753,
    0.23408275004227957,
    0.07164820070564747,
    0.025758593319604794,
    0.012260417591780424,
    0.006679758072520295,
    0.005383226327598095,
    0.004684621384367347,
    0.0038217039201408625,
    0.0036170473142216604,
    0.003484345813281834,
    0.0031328720202048617,
    0.0030755569762550296,
    0.0030322449821978807,
    0.0028127274671569465,
    0.0027885018854091567,
    0.00277074808627367,
    0.0026179178015639385,
    0.0025994164266933996,
    0.0025724392797177036,
    0.002470557205999891,
    0.002448057346045971,
    0.0024241514538104335,
    0.0023517666387682158,
    0.00233367306770136,
    0.002311179904267192,
    0.0022678720727562903,
    0.0022550356928259132,
    0.0022397634126245973,
    0.0022159000197425486,
    0.0022074508691827454,
    0.0021996022074793776,
    0.0021867430424317717,
    0.0021824921931450567,
    0.0021779795056208967,
    0.002171265927453836,
    0.0021689974026133617,
    0.0021668977215886114,
    0.002163464761028687,
    0.0021623156384254494,
    0.0021611306127160787,
    0.002159415922438105,
    0.0021588268199314673,
    0.002158323308452964,
    0.0021574670271947978,
    0.0021571581826234855
  ],
  "train_accuracy": [
    0.3435,
    0.5104166666666666,
    0.6148333333333333,
    0.7319166666666667,
    0.84625,
    0.9275,
    0.9840833333333333,
    0.9974583333333333,
    0.9996666666666667,
    0.9999583333333333,
    0.9999166666666667,
    0.9999583333333333,
    1.0,
    1.0,
    1.0,
    1.0,
    1.0,
    1.0,
    1.0,
    1.0,
    1.0,
    1.0,
    1.0,
    1.0,
    1.0,
    1.0,
    1.0,
    1.0,
    1.0,
    1.0,
    1.0,
    1.0,
    1.0,
    1.0,
    1.0,
    1.0,
    1.0,
    1.0,
    1.0,
    1.0,
    1.0,
    1.0,
    1.0,
    1.0,
    1.0,
    1.0,
    1.0,
    1.0,
    1.0,
    1.0
  ],
  "val_loss": [
    1.5967480765978495,
    1.4464960791269939,
    1.4119550879796345,
    1.5788731320699056,
    1.8240831336975099,
    2.3309364671707153,
    2.6282906478246053,
    2.91432835261027,
    3.0790658864974976,
    3.2331642367045084,
    3.282976679801941,
    3.326588745435079,
    3.3727248754501344,
    3.3792840372721353,
    3.408015034675598,
    3.414534119606018,
    3.4270459928512573,
    3.4268089599609377,
    3.433611554145813,
    3.4415487292607625,
    3.4491904373168945,
    3.4470239753723146,
    3.4512507492701214,
    3.453675897916158,
    3.460873580932617,
    3.4652006336847943,
    3.4721956866582233,
    3.4762683884302774,
    3.4807262983322143,
    3.4856033833821614,
    3.4886504100163775,
    3.4936807775497436,
    3.495635427792867,
    3.4988523575464883,
    3.4994923566182456,
    3.5026345723470054,
    3.503582008043925,
    3.5046241998672487,
    3.5055728794733683,
    3.506269410133362,
    3.5068287967046103,
    3.507489915529887,
    3.5078476896286013,
    3.507986774126689,
    3.5083500598271686,
    3.508462354342143,
    3.5085623699824016,
    3.5087080307006837,
    3.5088520736694337,
    3.508910717010498
  ],
  "val_accuracy": [
    0.434,
    0.49633333333333335,
    0.5241666666666667,
    0.5136666666666667,
    0.49933333333333335,
    0.49666666666666665,
    0.508,
    0.5058333333333334,
    0.5048333333333334,
    0.508,
    0.5055,
    0.5063333333333333,
    0.5065,
    0.503,
    0.505,
    0.5026666666666667,
    0.5033333333333333,
    0.5041666666666667,
    0.5018333333333334,
    0.5031666666666667,
    0.5028333333333334,
    0.5023333333333333,
    0.5043333333333333,
    0.503,
    0.5021666666666667,
    0.5026666666666667,
    0.503,
    0.504,
    0.502,
    0.5026666666666667,
    0.5025,
    0.502,
    0.502,
    0.5018333333333334,
    0.5026666666666667,
    0.5025,
    0.5026666666666667,
    0.5023333333333333,
    0.5023333333333333,
    0.5025,
    0.502,
    0.502,
    0.5023333333333333,
    0.5023333333333333,
    0.5021666666666667,
    0.5021666666666667,
    0.5021666666666667,
    0.5021666666666667,
    0.5021666666666667,
    0.5021666666666667
  ],
  "lr": [
    0.001,
    0.001,
    0.001,
    0.001,
    0.001,
    0.0005,
    0.0005,
    0.0005,
    0.00025,
    0.00025,
    0.00025,
    0.000125,
    0.000125,
    0.000125,
    6.25e-05,
    6.25e-05,
    6.25e-05,
    3.125e-05,
    3.125e-05,
    3.125e-05,
    1.5625e-05,
    1.5625e-05,
    1.5625e-05,
    7.8125e-06,
    7.8125e-06,
    7.8125e-06,
    3.90625e-06,
    3.90625e-06,
    3.90625e-06,
    1.953125e-06,
    1.953125e-06,
    1.953125e-06,
    9.765625e-07,
    9.765625e-07,
    9.765625e-07,
    4.8828125e-07,
    4.8828125e-07,
    4.8828125e-07,
    2.44140625e-07,
    2.44140625e-07,
    2.44140625e-07,
    1.220703125e-07,
    1.220703125e-07,
    1.220703125e-07,
    6.103515625e-08,
    6.103515625e-08,
    6.103515625e-08,
    3.0517578125e-08,
    3.0517578125e-08,
    3.0517578125e-08
  ]
}