{
  "best_epoch": 3,
  "best_val_accuracy": 0.5241666666666667,
  "best_val_loss": 1.4119550879796345
}