{
  "train_loss": [
    1.8177230361302694,
    1.49546923605601,
    1.3722564589182535,
    1.2711063524881998,
    1.1829891115824382,
    1.1085434021949767,
    1.0313538193702698,
    0.962221648534139,
    0.8829503100713094,
    0.8147362945874532,
    0.7497097721099854,
    0.6648267095883688,
    0.6077620146274567,
    0.5432693065802257,
    0.486387912551562,
    0.3328597787221273,
    0.26205185006062187,
    0.23932609526316326,
    0.18122476569811502,
    0.1558527246117592,
    0.14195127967000007,
    0.12330602496862411,
    0.11220957574248314,
    0.10494654791553815,
    0.09534928479293982,
    0.09320407440761726,
    0.09210468050837517,
    0.08520764873425166,
    0.08506577957669893,
    0.082488058278958,
    0.08004886320233345,
    0.08040738793462515,
    0.0787661299953858,
    0.0778777546485265,
    0.07871902390321096,
    0.07575680077324311,
    0.07504286993046602,
    0.07458747103313605,
    0.07582027805099885,
    0.07553775831063589,
    0.07776040608435869,
    0.07236295914153258,
    0.07518907075872024,
    0.07705035094420115,
    0.07591080202410619,
    0.07764365140845378,
    0.07277383235345285,
    0.07422297184665998,
    0.07554486708343029,
    0.07365086854000887
  ],
  "train_accuracy": [
    0.35054166666666664,
    0.4714583333333333,
    0.5141666666666667,
    0.5557083333333334,
    0.5830833333333333,
    0.609875,
    0.640625,
    0.6593333333333333,
    0.6865416666666667,
    0.7142083333333333,
    0.7364166666666667,
    0.7605416666666667,
    0.7827916666666667,
    0.8059166666666666,
    0.8259583333333333,
    0.882625,
    0.908125,
    0.9153333333333333,
    0.936875,
    0.9455416666666666,
    0.9525,
    0.9586666666666667,
    0.9617916666666667,
    0.966125,
    0.9670833333333333,
    0.9684166666666667,
    0.9695,
    0.972125,
    0.9720833333333333,
    0.9734583333333333,
    0.9746666666666667,
    0.9735833333333334,
    0.9752083333333333,
    0.9737083333333333,
    0.9735833333333334,
    0.9758333333333333,
    0.9757916666666666,
    0.976125,
    0.9755416666666666,
    0.9761666666666666,
    0.9743333333333334,
    0.9772083333333333,
    0.9750833333333333,
    0.974125,
    0.975375,
    0.9744583333333333,
    0.9754166666666667,
    0.9753333333333334,
    0.9743333333333334,
    0.9760833333333333
  ],
  "val_loss": [
    1.5282317241032919,
    1.3384185433387756,
    1.3582977236906688,
    1.2482506812413534,
    1.2355559066136679,
    1.1071685354709626,
    1.1015818643569946,
    0.9905789531071981,
    1.055120110352834,
    1.0499152460098267,
    0.972346243540446,
    0.9596710384686787,
    1.024275253534317,
    1.021599628686905,
    1.1433793980280558,
    1.0479751563072204,
    1.0664615160624187,
    1.025476943810781,
    1.0732706672350565,
    1.1379943031469981,
    1.1430692488352459,
    1.183246229171753,
    1.1868832778135936,
    1.2119387363592784,
    1.2551560682455698,
    1.2345435891151428,
    1.236359935283661,
    1.2453103353182475,
    1.2405407338142396,
    1.2651698730786642,
    1.27573761622111,
    1.274029978911082,
    1.2787977549235026,
    1.282122235774994,
    1.284440435409546,
    1.2904555347760518,
    1.2941209253470103,
    1.2943878067334493,
    1.3026852507591247,
    1.2983527700106303,
    1.2939168076515197,
    1.2908366978963217,
    1.2915350492795308,
    1.2851013979117076,
    1.2907805610497793,
    1.2881930278937022,
    1.296408223470052,
    1.3032736410299937,
    1.2951343994140625,
    1.2853173274993897
  ],
  "val_accuracy": [
    0.462,
    0.5355,
    0.5253333333333333,
    0.5731666666666667,
    0.5696666666666667,
    0.6208333333333333,
    0.628,
    0.6623333333333333,
    0.629,
    0.6435,
    0.6758333333333333,
    0.6921666666666667,
    0.6818333333333333,
    0.6781666666666667,
    0.6768333333333333,
    0.7091666666666666,
    0.7115,
    0.7156666666666667,
    0.7236666666666667,
    0.725,
    0.7265,
    0.7255,
    0.7283333333333334,
    0.7266666666666667,
    0.7275,
    0.7273333333333334,
    0.726,
    0.7273333333333334,
    0.7288333333333333,
    0.7278333333333333,
    0.727,
    0.7281666666666666,
    0.7306666666666667,
    0.73,
    0.7265,
    0.7295,
    0.727,
    0.7288333333333333,
    0.7288333333333333,
    0.729,
    0.7275,
    0.73,
    0.7305,
    0.7311666666666666,
    0.7296666666666667,
    0.7291666666666666,
    0.7276666666666667,
    0.7288333333333333,
    0.7286666666666667,
    0.7291666666666666
  ],
  "lr": [
    0.001,
    0.001,
    0.001,
    0.001,
    0.001,
    0.001,
    0.001,
    0.001,
    0.001,
    0.001,
    0.001,
    0.001,
    0.001,
    0.001,
    0.0005,
    0.0005,
    0.0005,
    0.00025,
    0.00025,
    0.00025,
    0.000125,
    0.000125,
    0.000125,
    6.25e-05,
    6.25e-05,
    6.25e-05,
    3.125e-05,
    3.125e-05,
    3.125e-05,
    1.5625e-05,
    1.5625e-05,
    1.5625e-05,
    7.8125e-06,
    7.8125e-06,
    7.8125e-06,
    3.90625e-06,
    3.90625e-06,
    3.90625e-06,
    1.953125e-06,
    1.953125e-06,
    1.953125e-06,
    9.765625e-07,
    9.765625e-07,
    9.765625e-07,
    4.8828125e-07,
    4.8828125e-07,
    4.8828125e-07,
    2.44140625e-07,
    2.44140625e-07,
    2.44140625e-07
  ]
}