{
  "best_epoch": 44,
  "best_val_accuracy": 0.7311666666666666,
  "best_val_loss": 1.2851013979117076
}