{
  "best_epoch": 32,
  "best_val_accuracy": 0.7263333333333334,
  "best_val_loss": 1.2870828434626262
}