{
  "train_loss": [
    1.7813009468714396,
    1.4226801436742147,
    1.285315975189209,
    1.188501610914866,
    1.1069479772249857,
    1.0313742720286052,
    0.9715765906969707,
    0.9099714705149333,
    0.8584426736831665,
    0.8146726448535919,
    0.7736878689130148,
    0.7228147346973419,
    0.6110174074172974,
    0.5656346681118012,
    0.5454037525653839,
    0.5140326157410939,
    0.4891499594847361,
    0.4774112902879715,
    0.40104116598765055,
    0.3807604751984278,
    0.36461534404754636,
    0.34593355043729146,
    0.306474214553833,
    0.3037117410500844,
    0.2909638128678004,
    0.2856036521395047,
    0.2692698510487874,
    0.26734695329268776,
    0.26229394374291104,
    0.25077680788437523,
    0.2492617508172989,
    0.24305136702458063,
    0.24256187915802002,
    0.2383973021109899,
    0.23331905315319698,
    0.23467753358681998,
    0.23336852210760117,
    0.22628465660413105,
    0.22857948184013366,
    0.22390698271989823,
    0.22636062280337016,
    0.2248928085764249,
    0.22525164427359898,
    0.21855859738588332,
    0.2183194202184677,
    0.22740797634919485,
    0.22224597456057865,
    0.2212363568842411,
    0.22198974066972732,
    0.22446861018737158
  ],
  "train_accuracy": [
    0.36804166666666666,
    0.502375,
    0.5497083333333334,
    0.5868333333333333,
    0.6216666666666667,
    0.644625,
    0.6670416666666666,
    0.6890833333333334,
    0.7067083333333334,
    0.7230833333333333,
    0.7355,
    0.7512916666666667,
    0.7944166666666667,
    0.8098333333333333,
    0.81675,
    0.827375,
    0.8341666666666666,
    0.8394166666666667,
    0.8682916666666667,
    0.875125,
    0.8806666666666667,
    0.885875,
    0.90175,
    0.9019166666666667,
    0.906125,
    0.9101666666666667,
    0.917125,
    0.9147083333333333,
    0.9183333333333333,
    0.9221666666666667,
    0.9225833333333333,
    0.92475,
    0.9265833333333333,
    0.9278333333333333,
    0.9300833333333334,
    0.92825,
    0.9302083333333333,
    0.9334166666666667,
    0.9290416666666667,
    0.9335833333333333,
    0.9305833333333333,
    0.9325833333333333,
    0.9310416666666667,
    0.9338333333333333,
    0.9350416666666667,
    0.9302083333333333,
    0.9340416666666667,
    0.933,
    0.9321666666666667,
    0.9319166666666666
  ],
  "val_loss": [
    1.5426203543345134,
    1.3832723390261332,
    1.2028261847496033,
    1.1337836009661357,
    1.0537446168263753,
    1.212232917547226,
    0.9817007104555766,
    1.1384645256996155,
    0.8959742477734883,
    0.900048492749532,
    0.8990277163187663,
    0.9126508292357127,
    0.7580469818115234,
    0.7431502420107524,
    0.7398566792011261,
    0.7430907657941183,
    0.7505907461643219,
    0.7907685067653656,
    0.6977629206180572,
    0.7101764234304428,
    0.7122061252991359,
    0.7518884094556173,
    0.6939690738519033,
    0.7094403627316157,
    0.7047498738368352,
    0.7050411454041798,
    0.6898873944282532,
    0.6957035425504049,
    0.6956312069892884,
    0.6960949563980102,
    0.6907717932065328,
    0.6946166530450185,
    0.6891891212463379,
    0.6992345391114553,
    0.6970882991154989,
    0.6986311821937561,
    0.6967384024461111,
    0.6926766302585602,
    0.6926726818084716,
    0.6917258203824361,
    0.6948145653406779,
    0.6947799304326375,
    0.6928358363310496,
    0.6927501022020975,
    0.6938578046957652,
    0.6935412243207296,
    0.6934419232209523,
    0.6939270888964335,
    0.6932628274758657,
    0.6929578681786855
  ],
  "val_accuracy": [
    0.4513333333333333,
    0.5076666666666667,
    0.5806666666666667,
    0.6078333333333333,
    0.6338333333333334,
    0.5963333333333334,
    0.6576666666666666,
    0.6173333333333333,
    0.695,
    0.6878333333333333,
    0.7018333333333333,
    0.6896666666666667,
    0.7435,
    0.7431666666666666,
    0.751,
    0.7548333333333334,
    0.7618333333333334,
    0.7385,
    0.7713333333333333,
    0.774,
    0.771,
    0.7581666666666667,
    0.781,
    0.7795,
    0.781,
    0.7796666666666666,
    0.7875,
    0.7866666666666666,
    0.7845,
    0.786,
    0.7891666666666667,
    0.7893333333333333,
    0.7876666666666666,
    0.7835,
    0.7883333333333333,
    0.786,
    0.789,
    0.7926666666666666,
    0.7911666666666667,
    0.7895,
    0.7896666666666666,
    0.789,
    0.7916666666666666,
    0.788,
    0.7903333333333333,
    0.7908333333333334,
    0.7895,
    0.7886666666666666,
    0.79,
    0.789
  ],
  "lr": [
    0.001,
    0.001,
    0.001,
    0.001,
    0.001,
    0.001,
    0.001,
    0.001,
    0.001,
    0.001,
    0.001,
    0.0005,
    0.0005,
    0.0005,
    0.0005,
    0.0005,
    0.0005,
    0.00025,
    0.00025,
    0.00025,
    0.00025,
    0.000125,
    0.000125,
    0.000125,
    0.000125,
    6.25e-05,
    6.25e-05,
    6.25e-05,
    6.25e-05,
    3.125e-05,
    3.125e-05,
    3.125e-05,
    3.125e-05,
    3.125e-05,
    3.125e-05,
    1.5625e-05,
    1.5625e-05,
    1.5625e-05,
    7.8125e-06,
    7.8125e-06,
    7.8125e-06,
    3.90625e-06,
    3.90625e-06,
    3.90625e-06,
    1.953125e-06,
    1.953125e-06,
    1.953125e-06,
    9.765625e-07,
    9.765625e-07,
    9.765625e-07
  ]
}