{
  "best_epoch": 38,
  "best_val_accuracy": 0.7926666666666666,
  "best_val_loss": 0.6926766302585602
}