{
  "train_loss": [
    2.11215145556132,
    1.8793791287740071,
    1.7871887871424357,
    1.731674948056539,
    1.6811437489191692,
    1.6389432932535808,
    1.5944262549082437,
    1.5434934056599936,
    1.460144915262858,
    1.4005785036087035,
    1.3492380520502727,
    1.2834823999404907,
    1.1851581754684448,
    1.1107852330207826,
    1.0557250413894654,
    0.9837457113265992,
    0.9120721367200215,
    0.8504851794242859,
    0.7726066810290019,
    0.7144426643848419,
    0.5452939078013103,
    0.4612410014073054,
    0.4158365800778071,
    0.3684990426301956,
    0.3025618096590042,
    0.26512276981274285,
    0.2403294346133868,
    0.21169120142857234,
    0.19321955567598342,
    0.18458523939053217,
    0.1660882312854131,
    0.16441870206594467,
    0.1559311488668124,
    0.1535196036795775,
    0.15335414083798726,
    0.14905194294452667,
    0.14598697104056677,
    0.14288120993971826,
    0.13962556024392445,
    0.14082999142011007,
    0.14266528088847796,
    0.14103099958101908,
    0.1364668449064096,
    0.1378213419218858,
    0.13597818486889204,
    0.14005987441539763,
    0.13778141865134239,
    0.13694570989410082,
    0.13711891797184944,
    0.13618207584818204
  ],
  "train_accuracy": [
    0.22004166666666666,
    0.29691666666666666,
    0.3289166666666667,
    0.343,
    0.355625,
    0.371875,
    0.388625,
    0.408125,
    0.44279166666666664,
    0.4666666666666667,
    0.49045833333333333,
    0.5172916666666667,
    0.558625,
    0.5875,
    0.6055416666666666,
    0.6310833333333333,
    0.6585,
    0.6838333333333333,
    0.7134166666666667,
    0.7295833333333334,
    0.7962916666666666,
    0.8282083333333333,
    0.8453333333333334,
    0.8642916666666667,
    0.8885833333333333,
    0.9044166666666666,
    0.9118333333333334,
    0.9231666666666667,
    0.9328333333333333,
    0.9342916666666666,
    0.9422083333333333,
    0.9440833333333334,
    0.946875,
    0.9469583333333333,
    0.9475833333333333,
    0.9488333333333333,
    0.949125,
    0.9507083333333334,
    0.95225,
    0.9519583333333334,
    0.9496666666666667,
    0.9514583333333333,
    0.954375,
    0.9531666666666667,
    0.9531666666666667,
    0.9505833333333333,
    0.952125,
    0.95225,
    0.9520833333333333,
    0.9525
  ],
  "val_loss": [
    1.7384391508102417,
    1.7473619604110717,
    1.5094175963401795,
    1.4478855741818746,
    1.4340870310465494,
    1.4127680314381916,
    1.337493647257487,
    1.2602003313700358,
    1.2611934434572856,
    1.2216898555755615,
    1.2338448112110296,
    1.1769879563649495,
    1.1330856246948242,
    1.0805802995761236,
    1.017772891998291,
    1.1082813762029011,
    0.9978346018791199,
    1.0072695971330008,
    1.0079555478096007,
    1.0593986832499505,
    0.9655089309215545,
    0.9852795443534851,
    1.0248525636990866,
    1.1264507953325908,
    1.1045311380227407,
    1.138849085489909,
    1.181812465508779,
    1.2086289199193319,
    1.2382167506217956,
    1.2733977999687194,
    1.294629193464915,
    1.2870828434626262,
    1.323200856844584,
    1.311001262108485,
    1.32800861342748,
    1.3375171656608582,
    1.3197864535649617,
    1.3486781312624614,
    1.3591305589675904,
    1.3600591707229615,
    1.3676324871381125,
    1.3522530585924784,
    1.3490384208361308,
    1.3674433910051982,
    1.362357164700826,
    1.3600694332122802,
    1.3647920831044515,
    1.3747643141746522,
    1.3582474772135418,
    1.3727584878603618
  ],
  "val_accuracy": [
    0.3965,
    0.382,
    0.48683333333333334,
    0.49616666666666664,
    0.5023333333333333,
    0.5206666666666667,
    0.5505,
    0.564,
    0.5733333333333334,
    0.5753333333333334,
    0.5721666666666667,
    0.6021666666666666,
    0.6015,
    0.628,
    0.6493333333333333,
    0.6228333333333333,
    0.6743333333333333,
    0.6675,
    0.6688333333333333,
    0.6631666666666667,
    0.7058333333333333,
    0.704,
    0.708,
    0.7036666666666667,
    0.7215,
    0.719,
    0.7143333333333334,
    0.7216666666666667,
    0.723,
    0.7188333333333333,
    0.7245,
    0.7263333333333334,
    0.7225,
    0.7218333333333333,
    0.721,
    0.7243333333333334,
    0.7255,
    0.7245,
    0.7226666666666667,
    0.7235,
    0.7258333333333333,
    0.7258333333333333,
    0.7245,
    0.7258333333333333,
    0.7256666666666667,
    0.7263333333333334,
    0.7236666666666667,
    0.723,
    0.7248333333333333,
    0.7246666666666667
  ],
  "lr": [
    0.001,
    0.001,
    0.001,
    0.001,
    0.001,
    0.001,
    0.001,
    0.001,
    0.001,
    0.001,
    0.001,
    0.001,
    0.001,
    0.001,
    0.001,
    0.001,
    0.001,
    0.001,
    0.001,
    0.0005,
    0.0005,
    0.0005,
    0.0005,
    0.00025,
    0.00025,
    0.00025,
    0.000125,
    0.000125,
    0.000125,
    6.25e-05,
    6.25e-05,
    6.25e-05,
    3.125e-05,
    3.125e-05,
    3.125e-05,
    1.5625e-05,
    1.5625e-05,
    1.5625e-05,
    7.8125e-06,
    7.8125e-06,
    7.8125e-06,
    3.90625e-06,
    3.90625e-06,
    3.90625e-06,
    1.953125e-06,
    1.953125e-06,
    1.953125e-06,
    9.765625e-07,
    9.765625e-07,
    9.765625e-07
  ]
}