{
  "train_loss": [
    1.6564604981740316,
    1.2665255967775981,
    1.1050478723843893,
    0.9828515696525574,
    0.8601093544960022,
    0.7526777616341909,
    0.6402606248855591,
    0.5254757933616638,
    0.29497566892703375,
    0.19704467157522837,
    0.13289380418260893,
    0.08510729517539342,
    0.03583273838212093,
    0.020436395682394505,
    0.01520367428039511,
    0.010201365849624078,
    0.008118455834065874,
    0.007139453741411368,
    0.006040626171976328,
    0.00569564393038551,
    0.005190764118606845,
    0.004582213013122479,
    0.004324179032196601,
    0.004095303469027082,
    0.0037889419561252,
    0.0036934371000776687,
    0.003553727230678002,
    0.0034067629020040234,
    0.003486554883420467,
    0.003284468343791862,
    0.0031716747575749956,
    0.003154821451442937,
    0.0031660413558905324,
    0.0030788224342589575,
    0.003030135879603525,
    0.0030545920462658007,
    0.0030335128406683604,
    0.00295544998968641,
    0.002939361504589518,
    0.0029255037990709148,
    0.0029644143025701246,
    0.0029435699090051156,
    0.0029303653681029876,
    0.0029670214109743633,
    0.0029299919869129856,
    0.0029547703585897883,
    0.002965606338654955,
    0.0029715369829597573,
    0.0028979275689149896,
    0.002931272971754273
  ],
  "train_accuracy": [
    0.4205,
    0.5572916666666666,
    0.615,
    0.6604583333333334,
    0.7013333333333334,
    0.73825,
    0.7805833333333333,
    0.8192916666666666,
    0.9085416666666667,
    0.9425,
    0.965,
    0.9809166666666667,
    0.9965416666666667,
    0.9993333333333333,
    0.9998333333333334,
    0.9999166666666667,
    1.0,
    0.9999583333333333,
    1.0,
    0.9999583333333333,
    1.0,
    1.0,
    1.0,
    1.0,
    1.0,
    1.0,
    1.0,
    1.0,
    0.9999583333333333,
    1.0,
    1.0,
    1.0,
    1.0,
    1.0,
    1.0,
    1.0,
    1.0,
    1.0,
    1.0,
    1.0,
    1.0,
    1.0,
    1.0,
    1.0,
    1.0,
    1.0,
    1.0,
    1.0,
    1.0,
    1.0
  ],
  "val_loss": [
    1.4505571066538492,
    1.3063750160535177,
    1.2408401781717937,
    1.1270443647702535,
    1.0061397227048874,
    1.1338278148969014,
    1.292886589686076,
    1.0662713601589202,
    0.9349272231260936,
    1.0499717032909393,
    1.0941583704948425,
    1.1462317708333334,
    1.1171895111401875,
    1.13352028632164,
    1.181329312880834,
    1.1837285526593526,
    1.2075325746536254,
    1.2195938284397125,
    1.2209988180001576,
    1.241272839228312,
    1.2428541378974916,
    1.2497740687529246,
    1.2529051361878714,
    1.2736307644844056,
    1.268472189585368,
    1.2703358071645101,
    1.2708656535148621,
    1.2704893816312155,
    1.281718375523885,
    1.2786558464368185,
    1.2819588152567545,
    1.2869350612958272,
    1.2802001223564148,
    1.289509466012319,
    1.2835379942258198,
    1.2891570873260498,
    1.2983700664838156,
    1.285469885190328,
    1.2903816316922505,
    1.2907128507296244,
    1.2821417846679688,
    1.2959108668963115,
    1.279373376528422,
    1.2865083689689636,
    1.2906700971921286,
    1.2899895950953166,
    1.282631943543752,
    1.2910162914594014,
    1.292908622264862,
    1.2892920231819154
  ],
  "val_accuracy": [
    0.49483333333333335,
    0.5408333333333334,
    0.5711666666666667,
    0.6178333333333333,
    0.6568333333333334,
    0.627,
    0.6035,
    0.6668333333333333,
    0.71,
    0.699,
    0.7073333333333334,
    0.708,
    0.7253333333333334,
    0.7248333333333333,
    0.7238333333333333,
    0.73,
    0.7311666666666666,
    0.7308333333333333,
    0.7318333333333333,
    0.7283333333333334,
    0.7326666666666667,
    0.7318333333333333,
    0.7321666666666666,
    0.7285,
    0.731,
    0.7313333333333333,
    0.7303333333333333,
    0.73,
    0.7305,
    0.7318333333333333,
    0.7303333333333333,
    0.7293333333333333,
    0.731,
    0.7311666666666666,
    0.7305,
    0.7291666666666666,
    0.7316666666666667,
    0.7303333333333333,
    0.732,
    0.7308333333333333,
    0.7306666666666667,
    0.7298333333333333,
    0.7313333333333333,
    0.7303333333333333,
    0.7308333333333333,
    0.7298333333333333,
    0.7308333333333333,
    0.73,
    0.7306666666666667,
    0.731
  ],
  "lr": [
    0.001,
    0.001,
    0.001,
    0.001,
    0.001,
    0.001,
    0.001,
    0.0005,
    0.0005,
    0.0005,
    0.0005,
    0.00025,
    0.00025,
    0.00025,
    0.000125,
    0.000125,
    0.000125,
    6.25e-05,
    6.25e-05,
    6.25e-05,
    3.125e-05,
    3.125e-05,
    3.125e-05,
    1.5625e-05,
    1.5625e-05,
    1.5625e-05,
    7.8125e-06,
    7.8125e-06,
    7.8125e-06,
    3.90625e-06,
    3.90625e-06,
    3.90625e-06,
    1.953125e-06,
    1.953125e-06,
    1.953125e-06,
    9.765625e-07,
    9.765625e-07,
    9.765625e-07,
    4.8828125e-07,
    4.8828125e-07,
    4.8828125e-07,
    2.44140625e-07,
    2.44140625e-07,
    2.44140625e-07,
    1.220703125e-07,
    1.220703125e-07,
    1.220703125e-07,
    6.103515625e-08,
    6.103515625e-08,
    6.103515625e-08
  ]
}