{
  "best_epoch": 21,
  "best_val_accuracy": 0.7326666666666667,
  "best_val_loss": 1.2428541378974916
}