{
  "train_loss": [
    1.7914440377553305,
    1.4226502923965454,
    1.285851436138153,
    1.1804106450080871,
    1.0785307680765788,
    1.000741285165151,
    0.9073372241655986,
    0.8217412040233613,
    0.7425360103448232,
    0.6634386789798736,
    0.5747998834451039,
    0.5183266452153523,
    0.4505810477733612,
    0.27637538641691206,
    0.2160826824605465,
    0.17571565894285837,
    0.12063328654070696,
    0.10136346398293972,
    0.09283804713189601,
    0.07414344388743242,
    0.06551304203768571,
    0.06376358630508185,
    0.055789823872347676,
    0.05281278934081395,
    0.05215168053160111,
    0.04779030531644821,
    0.04461232374981046,
    0.04402764510487517,
    0.04660840448488792,
    0.04255693550159534,
    0.0431839627623558,
    0.04252499080449343,
    0.040376749966293576,
    0.03970633870984117,
    0.04057116336996357,
    0.04113053956503669,
    0.04015727131689588,
    0.04151476073389252,
    0.03873589951296647,
    0.04075959274172783,
    0.04067455356195569,
    0.039277220600595075,
    0.04047671481470267,
    0.03732657681778073,
    0.03982617699230711,
    0.03855761197457711,
    0.03991357732191682,
    0.03946077149361372,
    0.04026524776468674,
    0.036691589104632535
  ],
  "train_accuracy": [
    0.3660833333333333,
    0.4995,
    0.5487083333333334,
    0.585875,
    0.621625,
    0.6496666666666666,
    0.68025,
    0.71075,
    0.738625,
    0.7672083333333334,
    0.7991666666666667,
    0.81775,
    0.8417083333333333,
    0.9062083333333333,
    0.926125,
    0.9415,
    0.9608333333333333,
    0.9689166666666666,
    0.9707916666666667,
    0.9790833333333333,
    0.9820833333333333,
    0.9814166666666667,
    0.9853333333333333,
    0.985875,
    0.9850833333333333,
    0.9867083333333333,
    0.98825,
    0.9885416666666667,
    0.9860833333333333,
    0.989125,
    0.9882916666666667,
    0.9880833333333333,
    0.988375,
    0.9894583333333333,
    0.9885,
    0.9890833333333333,
    0.9890833333333333,
    0.9885,
    0.989875,
    0.9885833333333334,
    0.9887083333333333,
    0.98975,
    0.9889166666666667,
    0.9904166666666666,
    0.9889583333333334,
    0.989875,
    0.9882916666666667,
    0.9889166666666667,
    0.988875,
    0.9912916666666667
  ],
  "val_loss": [
    1.4800339988072713,
    1.3221990030606587,
    1.159172785282135,
    1.158225111722946,
    1.134537611802419,
    1.1907247669696808,
    0.9803434467315674,
    1.0558879528045655,
    0.9550879154205322,
    0.9390810769001643,
    0.9619238998095194,
    1.1293287552495797,
    1.0775461251735687,
    0.9553395589192708,
    1.0194809664090474,
    1.1306286522547404,
    1.1123758896191915,
    1.1327348251342773,
    1.1470552543004353,
    1.179940778573354,
    1.2056249896685283,
    1.2035023766358695,
    1.2240151971181235,
    1.2432627196311952,
    1.225527904987335,
    1.241150094985962,
    1.2474866576194763,
    1.251461642742157,
    1.2485310643513998,
    1.255669267018636,
    1.2625856288274129,
    1.2663426683743795,
    1.2648513827323913,
    1.271359881401062,
    1.2678746288617453,
    1.27310804494222,
    1.2789943041801453,
    1.2709154052734375,
    1.2727096090316772,
    1.2715607296625773,
    1.2646560765902202,
    1.2771136913299561,
    1.260739082813263,
    1.2662944040298463,
    1.275313684463501,
    1.277076733271281,
    1.2681673765977224,
    1.2744735380808512,
    1.275855483531952,
    1.2698307836850484
  ],
  "val_accuracy": [
    0.48183333333333334,
    0.5346666666666666,
    0.5915,
    0.5983333333333334,
    0.6078333333333333,
    0.598,
    0.6633333333333333,
    0.6471666666666667,
    0.6721666666666667,
    0.6863333333333334,
    0.6913333333333334,
    0.6603333333333333,
    0.6856666666666666,
    0.7266666666666667,
    0.7133333333333334,
    0.7048333333333333,
    0.7246666666666667,
    0.7265,
    0.7253333333333334,
    0.7256666666666667,
    0.7305,
    0.7276666666666667,
    0.7298333333333333,
    0.7273333333333334,
    0.727,
    0.7265,
    0.7295,
    0.729,
    0.7293333333333333,
    0.73,
    0.728,
    0.7288333333333333,
    0.7306666666666667,
    0.7293333333333333,
    0.7296666666666667,
    0.7298333333333333,
    0.7296666666666667,
    0.7298333333333333,
    0.7281666666666666,
    0.7288333333333333,
    0.7293333333333333,
    0.7286666666666667,
    0.7285,
    0.728,
    0.7288333333333333,
    0.73,
    0.7295,
    0.729,
    0.7316666666666667,
    0.7295
  ],
  "lr": [
    0.001,
    0.001,
    0.001,
    0.001,
    0.001,
    0.001,
    0.001,
    0.001,
    0.001,
    0.001,
    0.001,
    0.001,
    0.0005,
    0.0005,
    0.0005,
    0.00025,
    0.00025,
    0.00025,
    0.000125,
    0.000125,
    0.000125,
    6.25e-05,
    6.25e-05,
    6.25e-05,
    3.125e-05,
    3.125e-05,
    3.125e-05,
    1.5625e-05,
    1.5625e-05,
    1.5625e-05,
    7.8125e-06,
    7.8125e-06,
    7.8125e-06,
    3.90625e-06,
    3.90625e-06,
    3.90625e-06,
    1.953125e-06,
    1.953125e-06,
    1.953125e-06,
    9.765625e-07,
    9.765625e-07,
    9.765625e-07,
    4.8828125e-07,
    4.8828125e-07,
    4.8828125e-07,
    2.44140625e-07,
    2.44140625e-07,
    2.44140625e-07,
    1.220703125e-07,
    1.220703125e-07
  ]
}