{
  "best_epoch": 49,
  "best_val_accuracy": 0.7316666666666667,
  "best_val_loss": 1.275855483531952
}