{
  "train_loss": [
    2.0473510920206706,
    1.4405368134180705,
    1.2706407537460327,
    1.1477217761675518,
    1.0309878115653992,
    0.9244802581469218,
    0.8348735478719076,
    0.7419545764923096,
    0.6407936658859253,
    0.5473782036304474,
    0.45368224136034646,
    0.24233634893099468,
    0.1734548579156399,
    0.125051563590765,
    0.08881310006479422,
    0.07026994975904624,
    0.026068216229478518,
    0.019356993505110342,
    0.015755522911126415,
    0.007360177851592501,
    0.0053528986197585865,
    0.004255138367104033,
    0.0027049445072188975,
    0.0023513727132230995,
    0.0020848595082449415,
    0.0016593221152822178,
    0.001533078363010039,
    0.0014696131582992772,
    0.001375066478891919,
    0.0013186134242763122,
    0.0012552196740483244,
    0.0012079550678220888,
    0.0011873918099639317,
    0.001172894708191355,
    0.001131943334514896,
    0.0011506677058835825,
    0.0011458992053133745,
    0.0011278831642897178,
    0.0011034746093209833,
    0.0010980536106508225,
    0.001125923349444444,
    0.0010828478972737987,
    0.0011062701762033006,
    0.0011139344725136955,
    0.0010963399194491407,
    0.0011084655569090197,
    0.0011098013937783737,
    0.0011037913813100506,
    0.0010842351371732851,
    0.0011011888171390941
  ],
  "train_accuracy": [
    0.31808333333333333,
    0.49433333333333335,
    0.5588333333333333,
    0.6015,
    0.6451666666666667,
    0.6789166666666666,
    0.714375,
    0.7414583333333333,
    0.7801666666666667,
    0.8125833333333333,
    0.8457083333333333,
    0.9259166666666667,
    0.9514583333333333,
    0.9678333333333333,
    0.978375,
    0.983,
    0.9976666666666667,
    0.9981666666666666,
    0.9984166666666666,
    0.9997916666666666,
    0.9999166666666667,
    0.999875,
    0.9999583333333333,
    1.0,
    1.0,
    1.0,
    1.0,
    1.0,
    1.0,
    1.0,
    1.0,
    1.0,
    1.0,
    1.0,
    1.0,
    1.0,
    1.0,
    1.0,
    1.0,
    1.0,
    1.0,
    1.0,
    1.0,
    1.0,
    1.0,
    1.0,
    1.0,
    1.0,
    1.0,
    1.0
  ],
  "val_loss": [
    2.063483815352122,
    1.6601336246331533,
    1.4569654100735983,
    1.1541686728795368,
    1.1218650443553924,
    1.205983239332835,
    1.2290564317703248,
    1.0952719996770224,
    1.1455730182727177,
    1.3206978308359782,
    1.1020989244778951,
    1.3029028363227844,
    1.0391517629226048,
    1.1412304689089456,
    1.3835187528928121,
    1.3489171422322592,
    1.24508553814888,
    1.3013267146348952,
    1.3822604233821234,
    1.3335990147590637,
    1.3768062938054402,
    1.4031089011828104,
    1.386329528093338,
    1.4216834683815638,
    1.418623339533806,
    1.4101393233537673,
    1.4192400784889856,
    1.4165857300758362,
    1.4192233993212382,
    1.4166057440042497,
    1.41445088605086,
    1.4243197283744813,
    1.41320880595843,
    1.4243233402570088,
    1.416993345340093,
    1.422865691502889,
    1.4299030077457429,
    1.4163994284470875,
    1.4183641283512116,
    1.419087691863378,
    1.411598680973053,
    1.426269455631574,
    1.4096521355311076,
    1.413880894978841,
    1.422531838019689,
    1.422817203561465,
    1.4131304517189662,
    1.4215535949865976,
    1.4227371176083883,
    1.4166341255505879
  ],
  "val_accuracy": [
    0.3343333333333333,
    0.45566666666666666,
    0.5108333333333334,
    0.5988333333333333,
    0.611,
    0.586,
    0.5893333333333334,
    0.6411666666666667,
    0.6378333333333334,
    0.6118333333333333,
    0.6643333333333333,
    0.6438333333333334,
    0.709,
    0.6978333333333333,
    0.675,
    0.6835,
    0.7158333333333333,
    0.713,
    0.7158333333333333,
    0.7191666666666666,
    0.7208333333333333,
    0.7135,
    0.7218333333333333,
    0.7216666666666667,
    0.7195,
    0.7206666666666667,
    0.7201666666666666,
    0.7231666666666666,
    0.722,
    0.7226666666666667,
    0.722,
    0.7231666666666666,
    0.7236666666666667,
    0.7241666666666666,
    0.724,
    0.7225,
    0.7208333333333333,
    0.7228333333333333,
    0.723,
    0.7238333333333333,
    0.7233333333333334,
    0.7235,
    0.7235,
    0.7238333333333333,
    0.7233333333333334,
    0.722,
    0.7236666666666667,
    0.7238333333333333,
    0.7211666666666666,
    0.7233333333333334
  ],
  "lr": [
    0.001,
    0.001,
    0.001,
    0.001,
    0.001,
    0.001,
    0.001,
    0.001,
    0.001,
    0.001,
    0.0005,
    0.0005,
    0.0005,
    0.0005,
    0.0005,
    0.00025,
    0.00025,
    0.00025,
    0.000125,
    0.000125,
    0.000125,
    6.25e-05,
    6.25e-05,
    6.25e-05,
    3.125e-05,
    3.125e-05,
    3.125e-05,
    1.5625e-05,
    1.5625e-05,
    1.5625e-05,
    7.8125e-06,
    7.8125e-06,
    7.8125e-06,
    3.90625e-06,
    3.90625e-06,
    3.90625e-06,
    1.953125e-06,
    1.953125e-06,
    1.953125e-06,
    9.765625e-07,
    9.765625e-07,
    9.765625e-07,
    4.8828125e-07,
    4.8828125e-07,
    4.8828125e-07,
    2.44140625e-07,
    2.44140625e-07,
    2.44140625e-07,
    1.220703125e-07,
    1.220703125e-07
  ]
}