{
  "best_epoch": 34,
  "best_val_accuracy": 0.7241666666666666,
  "best_val_loss": 1.4243233402570088
}