{
  "train_loss": [
    1.7182907085418702,
    1.3289577803611756,
    1.1588528113365173,
    1.0375627234776814,
    0.9141402891476949,
    0.8048897946675618,
    0.6879992208480835,
    0.5871602156162262,
    0.479252055644989,
    0.38944875220457714,
    0.2565824189980825,
    0.21451512169837952,
    0.17959281820058823,
    0.1506247116923332,
    0.11103359054525694,
    0.09828848466277122,
    0.08797428104281425,
    0.0726055040359497,
    0.06894545722007751,
    0.06469230156143506,
    0.05802952278157075,
    0.05559636903802554,
    0.053619625315070155,
    0.050447661951184275,
    0.050318051889538765,
    0.048291268150011696,
    0.04687423918644587,
    0.04579345515867074,
    0.04560735073685646,
    0.044403123726447426,
    0.04442126989364624,
    0.044542649790644644,
    0.04390922150015831,
    0.043482356290022534,
    0.043676442662874855,
    0.04392739459375541,
    0.04320159781972567,
    0.043594311341643335,
    0.04299358710149924,
    0.04306108105679353,
    0.04262247621019681,
    0.04341666925450166,
    0.042613255406419435,
    0.043148868759473165,
    0.042639774521191914,
    0.04263254121939341,
    0.042519345725576085,
    0.04325102488696575,
    0.04289935005704562,
    0.04312071427206198
  ],
  "train_accuracy": [
    0.4044583333333333,
    0.5475,
    0.6087916666666666,
    0.6514166666666666,
    0.6960833333333334,
    0.7364166666666667,
    0.7813333333333333,
    0.818875,
    0.8627916666666666,
    0.8958333333333334,
    0.9512083333333333,
    0.964,
    0.973375,
    0.9820416666666667,
    0.9920416666666667,
    0.9935833333333334,
    0.995625,
    0.9975833333333334,
    0.9976666666666667,
    0.9982083333333334,
    0.99875,
    0.9990833333333333,
    0.9990833333333333,
    0.9995,
    0.999375,
    0.9993333333333333,
    0.9995833333333334,
    0.9997083333333333,
    0.99975,
    0.9995416666666667,
    0.9997083333333333,
    0.9996666666666667,
    0.999625,
    0.99975,
    0.9997083333333333,
    0.999625,
    0.99975,
    0.9996666666666667,
    0.9997916666666666,
    0.9998333333333334,
    0.9995833333333334,
    0.9997916666666666,
    0.9996666666666667,
    0.9997916666666666,
    0.9995,
    0.9997916666666666,
    0.9998333333333334,
    0.9995,
    0.99975,
    0.99975
  ],
  "val_loss": [
    1.5060873263676962,
    1.3436296688715617,
    1.4638349463144937,
    1.2103852972984315,
    1.2340006704330444,
    1.1741145760218303,
    1.1503042556444805,
    1.2014458688100178,
    1.1628862880071005,
    1.211382323582967,
    1.1258620893160503,
    1.1697697310447692,
    1.18285848903656,
    1.210583412329356,
    1.1728771721522013,
    1.1898614039421083,
    1.233330935716629,
    1.2089787996610006,
    1.214085792382558,
    1.2287065354983011,
    1.2300744342803955,
    1.238104249795278,
    1.24605522108078,
    1.2413961356480916,
    1.2536381006240844,
    1.251607788403829,
    1.253226028283437,
    1.2542890877723694,
    1.2603476818402608,
    1.258335012594859,
    1.2571018818219504,
    1.2630867500305176,
    1.262301553249359,
    1.262369909763336,
    1.2635088450113932,
    1.267090977827708,
    1.2601507341066995,
    1.2640525557200113,
    1.2644808913866679,
    1.2663016556104025,
    1.265864011287689,
    1.261053695042928,
    1.2609847734769186,
    1.2608727671305338,
    1.2625937678019206,
    1.2628891523679098,
    1.2601112203598022,
    1.2639231715202333,
    1.2631353052457173,
    1.2661650913556417
  ],
  "val_accuracy": [
    0.47783333333333333,
    0.5361666666666667,
    0.5105,
    0.584,
    0.581,
    0.5993333333333334,
    0.613,
    0.6076666666666667,
    0.6186666666666667,
    0.6195,
    0.6428333333333334,
    0.6276666666666667,
    0.6348333333333334,
    0.632,
    0.6478333333333334,
    0.6483333333333333,
    0.6395,
    0.642,
    0.6458333333333334,
    0.6431666666666667,
    0.646,
    0.6438333333333334,
    0.6405,
    0.6428333333333334,
    0.6435,
    0.6411666666666667,
    0.6433333333333333,
    0.6405,
    0.6421666666666667,
    0.6425,
    0.6431666666666667,
    0.6423333333333333,
    0.6428333333333334,
    0.6405,
    0.6413333333333333,
    0.6435,
    0.6418333333333334,
    0.6438333333333334,
    0.6411666666666667,
    0.6405,
    0.6423333333333333,
    0.6421666666666667,
    0.641,
    0.6418333333333334,
    0.6436666666666667,
    0.641,
    0.6425,
    0.6426666666666667,
    0.6418333333333334,
    0.6431666666666667
  ],
  "lr": [
    0.0001,
    0.0001,
    0.0001,
    0.0001,
    0.0001,
    0.0001,
    0.0001,
    0.0001,
    0.0001,
    5e-05,
    5e-05,
    5e-05,
    5e-05,
    2.5e-05,
    2.5e-05,
    2.5e-05,
    1.25e-05,
    1.25e-05,
    1.25e-05,
    6.25e-06,
    6.25e-06,
    6.25e-06,
    3.125e-06,
    3.125e-06,
    3.125e-06,
    1.5625e-06,
    1.5625e-06,
    1.5625e-06,
    7.8125e-07,
    7.8125e-07,
    7.8125e-07,
    3.90625e-07,
    3.90625e-07,
    3.90625e-07,
    1.953125e-07,
    1.953125e-07,
    1.953125e-07,
    9.765625e-08,
    9.765625e-08,
    9.765625e-08,
    4.8828125e-08,
    4.8828125e-08,
    4.8828125e-08,
    2.44140625e-08,
    2.44140625e-08,
    2.44140625e-08,
    1.220703125e-08,
    1.220703125e-08,
    1.220703125e-08,
    1.220703125e-08
  ]
}