{
  "best_epoch": 16,
  "best_val_accuracy": 0.6483333333333333,
  "best_val_loss": 1.1898614039421083
}